*30;ΙΑΤΡΙΚΗ ΕΞΕΤΑΣΗ/ΕΚΤΙΜΗΣΗ ΥΓΕΙΑΣ ΠΛΗΡΗΣ
*31;ΙΑΤΡΙΚΗ ΕΞΕΤΑΣΗ/ΕΚΤΙΜΗΣΗ ΥΓΕΙΑΣ ΜΕΡΙΚΗ
*32;ΕΞΕΤΑΣΗ ΕΥΑΙΣΘΗΣΙΑΣ
*33;ΕΞΕΤΑΣΗ ΜΙΚΡΟΒΙΟΛΟΓΙΚΗ/ΑΝΟΣΟΛΟΓΙΚΗ
*34;ΕΞΕΤΑΣΗ ΑΙΜΑΤΟΣ
*35;ΕΞΕΤΑΣΗ ΟΥΡΩΝ
*36;ΕΞΕΤΑΣΗ ΚΟΠΡΑΝΩΝ
*37;ΕΞΕΤΑΣΕΙΣ ΙΣΤΟΛΟΓΙΚΕΣ/ΚΥΤΤΑΡΟΛΟΓΙΚΕΣ
*38;ΕΞΕΤΑΣΕΙΣ ΕΡΓΑΣΤΗΡΙΑΚΕΣ ΑΛΛΕΣ ΜΚΑ
*39;ΛΕΙΤΟΥΡΓΙΚΗ ΔΟΚΙΜΑΣΙΑ
*40;ΔΙΑΓΝΩΣΤΙΚΗ ΕΝΔΟΣΚΟΠΗΣΗ
*41;ΔΙΑΓΝΩΣΤΙΚΗ ΑΚΤΙΝΟΛΟΓΙΑ/ΑΠΕΙΚΟΝΙΣΗ
*42;ΚΑΤΑΓΡΑΦΗ ΗΛΕΚΤΡΙΚΗΣ ΔΡΑΣΤΗΡΙΟΤΗΤΑΣ
*43;ΔΙΑΓΝΩΣΤΙΚΗ ΔΙΑΔΙΚΑΣΙΑ ΑΛΛΗ
*44;ΕΜΒΟΛΙΑΣΜΟΣ/ΦΑΡΜΑΚΕΥΤΙΚΗ ΑΓΩΓΗ ΠΡΟΛΗΠΤΙΚΩΣ
*45;ΠΑΡΑΤΗΡΗΣΗ/ΑΓΩΓΗ ΥΓΕΙΑΣ/ΣΥΜΒΟΥΛΗ/ΔΙΑΙΤΑ
*46;ΕΠΙΣΚΕΨΗ ΣΕ ΠΑΡΟΧΕΑ ΠΡΩΤΟΒΑΘΜΙΑΣ ΦΡΟΝΤΙΔΑΣ
*47;ΕΠΙΣΚΕΨΗ ΣΕ ΕΙΔΙΚΟ
*48;ΔΙΕΥΚΡΙΝΗΣΗ/ΣΥΖΗΤΗΣΗ ΑΕ/ΑΙΤΗΜΑΤΟΣ ΑΣΘΕΝΗ
*49;ΠΡΟΛΗΠΤΙΚΗ ΔΙΑΔΙΚΑΣΙΑ ΑΛΛΗ
*50;ΦΑΡΜΑΚΕΥΤΙΚΗ ΑΓΩΓΗ/ΣΥΝΤΑΓΗ/ΕΠΑΝΑΛΗΨΗ/ΕΝΕΣΗ
*51;ΔΙΑΝΟΙΞΗ/ΠΑΡΟΧΕΤΕΥΣΗ/ΕΚΠΛΥΣΗ/ΑΝΑΡΡΟΦΗΣΗ/ΑΦΑΙΡ
*52;ΕΚΤΟΜΗ/ΑΦΑΙΡ.ΙΣΤΟΥ/ΒΙΟΨΙΑ/ΦΘΟΡΑ/ΘΡΑΥΣΗ/ΚΑΥΤΗΡ
*53;ΚΑΘΕΤΗΡΙΑΣΜ/ΔΙΑΣΩΛΗΝ/ΔΙΑΣΤΟΛΗ/ΧΡΗΣΗ ΕΡΓΑΛ.
*54;ΑΝΑΤΑΞΗ/ΣΤΑΘΕΡΟΠ-ΣΥΡΡΑΦΗ/ΝΑΡΘΗΚΑΣ/ΠΡΟΘΕΣΗ
*55;ΕΝΕΣΗ/ΔΙΗΘΗΣΗ ΤΟΠΙΚΑ
*56;ΕΠΙΔΕΣΗ/ΕΦΑΡΜΟΓΗ ΠΙΕΣΗΣ/ΕΠΙΘΕΜΑ/ΕΠΙΠΩΜΑΤΙΣΜΟΣ
*57;ΦΥΣΙΚΗ ΙΑΤΡΙΚΗ/ΑΠΟΚΑΤΑΣΤΑΣΗ
*58;ΘΕΡΑΠΕΥΤΙΚΗ ΣΥΜΒΟΥΛΕΥΤΙΚΗ/ΑΚΡΟΑΣΗ
*59;ΘΕΡΑΠΕΥΤ.ΔΙΑΔΙΚΑΣ.ΑΛΛΗ/ΜΙΚΡΟ ΧΕΙΡΟΥΡΓΕΙΟ ΜΚΑ
*60;ΑΠΟΤΕΛΕΣΜΑ ΕΞΕΤΑΣΗΣ/ΔΙΑΔΙΚΑΣΙΑΣ
*61;ΑΠΟΤΕΛΕΣΜΑ ΚΛΙΝΙΚΗΣ ΕΞΕΤΑΣΗΣ/ΕΞΕΤΑΣΗΣ/ΕΚΘΕΣΗΣ
*62;ΔΙΟΙΚΗΤΙΚΗ ΔΙΑΔΙΚΑΣΙΑ
*63;ΕΠΟΜΕΝΗ ΕΠΑΦΗ ΜΗ ΠΡΟΔΙΟΡΙΖΟΜΕΝΗ
*64;ΕΠΑΦΗ/ΠΡΟΒΛΗΜΑ ΠΟΥ ΞΕΚΙΝΑ ΑΠΟ ΤΟΝ ΠΑΡΟΧΕΑ
*65;ΕΠΑΦΗ/ΠΡΟΒΛ.ΠΟΥ ΞΕΚΙΝΑ ΑΠΟ ΑΛΛΟΝ ΕΚΤΟΣ ΑΣΘΕΝΗ
*66;ΠΑΡΑΠΟΜΠΗ ΣΕ ΑΛΛΟ ΠΑΡΟΧΕΑ/ΝΟΣΗΛΕΥΤΗ/ΘΕΡΑΠΕΥΤΗ
*67;ΠΑΡΑΠΟΜΠΗ ΣΕ ΙΑΤΡΟ/ΕΙΔΙΚΟ/ΚΛΙΝΙΚΗ/ΝΟΣΟΚΟΜΕΙΟ
*68;ΠΑΡΑΠΟΜΠΗ ΑΛΛΗ ΜΚΑ
*69;ΑΙΤΙΟ ΓΙΑ ΕΠΑΦΗ -ΕΠΙΣΚΕΨΗ ΑΛΛΟ ΜΚΑ
A01;ΑΛΓΟΣ ΓΕΝΙΚΑ
A02;ΡΙΓΟΣ
A03;ΠΥΡΕΤΟΣ
A04;ΑΔΥΝΑΜΙΑ/ΚΑΤΑΒΟΛΗ ΓΕΝΙΚΗ
A05;ΑΙΣΘΗΜΑ ΑΣΘΕΝΙΑΣ
A06;ΛΙΠΟΘΥΜΙΑ/ΑΠΩΛΕΙΑ ΣΥΝΕΙΔΗΣΗΣ
A07;ΚΩΜΑ
A08;ΔΙΟΓΚΩΣΗ
A09;ΠΡΟΒΛΗΜΑ ΕΦΙΔΡΩΣΗΣ
A10;ΑΙΜΟΡΡΑΓΙΑ ΜΚΑ
A11;ΘΩΡΑΚΙΚΟ ΑΛΓΟΣ ΜΚΑ
A13;ΑΝΥΣΗΧΙΑ/ΦΟΒΟΣ ΣΕ ΘΕΡΑΠΕΥΤΙΚΗ ΑΓΩΓΗ
A16;ΕΥΕΡΕΘΙΣΤΟ/ΑΝΗΣΥΧΟ ΒΡΕΦΟΣ
A18;ΑΝΗΣΥΧΙΑ ΓΙΑ ΤΗΝ ΕΞΩΤΕΡΙΚΗ ΕΜΦΑΝΙΣΗ
A20;ΕΥΘΑΝΑΣΙΑ: ΑΙΤΗΜΑ/ΣΥΖΗΤΗΣΗ
A21;ΠΑΡΑΓΟΝΤΑΣ ΚΙΝΔΥΝΟΥ ΓΙΑ ΚΑΚΟΗΘΕΙΑ
A23;ΠΑΡΑΓΟΝΤΑΣ ΚΙΝΔΥΝΟΥ ΜΚΔ
A25;ΦΟΒΟΣ ΘΑΝΑΤΟΥ/ΕΠΙΘΑΝΑΤΙΟΣ
A26;ΦΟΒΟΣ ΚΑΡΚΙΝΟΥ ΜΚΔ
A27;ΦΟΒΟΣ ΑΛΛΗΣ ΑΣΘΕΝΕΙΑΣ ΜΚΔ
A28;ΠΕΡΙΟΡΙΣΜΟΣ ΛΕΙΤΟΥΡΓΙΑΣ/ΑΝΑΠΗΡΙΑ ΜΚΔ (A)
A29;ΓΕΝΙΚΟ ΣΥΜΠΤΩΜΑ/ΕΝΟΧΛΗΜΑ ΑΛΛΟ
A70;ΦΥΜΑΤΙΩΣΗ
A71;ΙΛΑΡΑ
A72;ΑΝΕΜΟΒΛΟΓΙΑ
A73;ΕΛΟΝΟΣΙΑ
A74;ΕΡΥΘΡΑ
A75;ΛΟΙΜΩΔΗΣ ΜΟΝΟΠΥΡΗΝΩΣΗ
A76;ΕΞΑΝΘΥΜΑ ΙΟΓΕΝΕΣ ΑΛΛΟ
A77;ΝΟΣΗΜΑ ΙΟΓΕΝΕΣ ΑΛΛΟ ΜΚΑ
A78;INFECTIOUS DISEASE OTHER/NOS
A79;ΚΑΚΟΗΘΕΙΑ ΜΚΑ
A80;ΤΡΑΥΜΑ/ΚΑΚΩΣΗ ΜΚΑ
A81;ΠΟΛΛΑΠΛΑ ΤΡΑΥΜΑΤΑ/ΚΑΚΩΣΕΙΣ
A82;ΔΕΥΤΕΡΟΠΑΘΕΣ ΑΠΟΤΕΛΕΣΜΑ ΤΡΑΥΜΑΤΟΣ
A84;ΔΗΛΗΤΗΡΙΑΣΗ ΑΠΟ ΙΑΤΡΙΚΟ ΠΑΡΑΓΟΝΤΑ
A85;ΑΝΕΠΙΘΥΜΗΤΕΣ ΕΝΕΡΓΕΙΕΣ ΙΑΤΡΙΚΟΥ ΠΑΡΑΓΟΝΤΑ
A86;ΤΟΞΙΚΗ ΕΠΙΔΡΑΣΗ ΜΗ ΙΑΤΡΙΚΩΝ ΟΥΣΙΩΝ
A87;ΕΠΙΠΛΟΚΗ ΙΑΤΡΙΚΗΣ ΘΕΡΑΠΕΙΑΣ
A88;ΑΝΕΠΙΘΥΜΗΤΗ ΕΝΕΡΓΕΙΑ ΑΠΟ ΦΥΣΙΚΟ ΠΑΡΑΓΟΝΤΑ
A89;ΣΥΝΕΠΕΙΕΣ ΣΥΣΚΕΥΗΣ ΠΡΟΘΕΣΗΣ
A90;ΣΥΓΓΕΝΗΣ ΑΝΩΜΑΛΙΑ ΜΚΑ/ΠΟΛΛΑΠΛΗ
A91;ΠΑΘΟΛΟΓΙΚΟ ΑΠΟΤΕΛΕΣΜΑ ΕΞΕΤΑΣΗΣ ΜΚΑ
A92;ΑΛΛΕΡΓΙΑ/ΑΛΛΕΡΓΙΚΗ ΑΝΤΙΔΡΑΣΗ ΜΚΔ
A93;ΠΡΟΩΡΟ ΝΕΟΓΕΝΝΗΤΟ
A94;ΠΕΡΙΓΕΝΝΗΤΙΚΗΣ ΝΟΣΗΡΟΤΗΤΑΣ ΑΛΛΗ ΑΙΤΙΑ
A95;ΠΕΡΙΓΕΝΝΗΤΙΚΗ ΘΝΗΣΙΜΟΤΗΤΑ
A96;ΘΑΝΑΤΟΣ
A97;ΑΠΟΥΣΙΑ ΝΟΣΟΥ
A98;ΥΠΟΣΤΗΡΙΞΗ ΥΓΕΙΑΣ/ΠΡΟΛΗΠΤΙΚΗ ΙΑΤΡΙΚΗ
A99;ΝΟΣΟΣ/ΚΑΤΑΣΤΑΣΗ ΑΠΡΟΣΔΙΟΡΙΣΤΗΣ ΦΥΣΗΣ/ΘΕΣΗΣ
B02;ΛΕΜΦΑΔΕΝΑΣ (ΕΣ) ΔΙΟΓΚΩΜΕΝΟΣ/ΕΠΙΚΙΝΔ
B04;ΑΙΜΑΤΟΛΟΓΙΚΟ ΣΥΜΠΤΩΜΑ/ΕΝΟΧΛΗΜΑ
B25;ΦΟΒΟΣ ΓΙΑ AIDS/HIV
B26;ΦΟΒΟΣ ANCER BLOOD/LYMPH
B27;ΦΟΒΟΣ ΑΛΛΩΝ ΝΟΣΗΜ.ΑΙΜΟΠΟΙΗΤ/ΛΕΜΦΙΚΟΥ
B28;ΠΕΡΙΟΡΙΣΜΟΣ ΛΕΙΤΟΥΡΓΙΑΣ/ΑΝΑΠΗΡΙΑ (B)
B29;ΛΕΜΦΙΚΟΥ/ΑΝΟΣΟΛΟΓΙΚΟΥ ΣΥΜΠΤΩΜΑΤΑ ΑΛΛΑ
B70;ΛΕΜΦΑΔΕΝΙΤΙΔΑ ΟΞΕΙΑ
B71;ΛΕΜΦΑΔΕΝΙΤΙΔΑ ΧΡΟΝΙΑ/ΜΗ ΕΙΔΙΚΗ
B72;ΝΟΣΟΣ ΤΟΥ HODGKIN/ΛΕΜΦΩΜΑ
B73;ΛΕΥΧΑΙΜΙΑ
B74;ΚΑΚΟΗΘΕΣ ΝΕΟΠΛΑΣΜΑ ΑΙΜΑΤΟΣ ΑΛΛΟ
B75;ΚΑΛΟΗΘΕΣ/ΜΗ ΚΑΘΟΡΙΣΜ.ΝΕΟΠΛΑΣΜΑ ΑΙΜΟΠΟΙΗΤΙΚΟΥ
B76;ΤΡΑΥΜΑΤΙΚΗ ΡΗΞΗ ΤΟΥ ΣΠΛΗΝΑ
B77;ΚΑΚΩΣΗ ΑΙΜΟΠΟΙΗΤΙΚΟΥ/ΛΕΜΦΙΚΟΥ/ΣΠΛΗΝΑ ΑΛΛΗ
B78;ΑΙΜΟΛΥΤΙΚΗ ΑΝΑΙΜΙΑ ΚΛΗΡΟΝΟΜΙΚΗ
B79;ΣΥΓΓΕΝΗΣ ΑΝΩΜΑΛΙΑ ΑΙΜΟΠΟΙΗΤΙΚΟΥ/ΛΕΜΦΙΚΟΥ ΑΛΛΗ
B80;ΑΝΑΙΜΙΑ ΑΠΟ ΑΝΕΠΑΡΚΕΙΑ ΣΙΔΗΡΟΥ
B81;ΑΝΑΙΜΙΑ ΑΠΟ ΑΝΕΠΑΡΚΕΙΑ ΒΙΤΑΜΙΝ.Β12/ΦΥΛΛ.ΟΞΕΟΣ
B82;ΑΝΑΙΜΙΑ ΑΛΛΗ/ΜΗ ΚΑΘΟΡΙΣΜΕΝΗ
B83;ΠΟΡΦΥΡΑ/ΔΙΑΤΑΡΑΧΗ ΤΗΣ ΠΗΞΕΩΣ
B84;ΛΕΥΚΑ ΑΙΜΟΣΦΑΙΡΙΑ ΠΑΘΟΛΟΓΙΚΑ ΑΝΕΞΗΓΗΤΑ
B87;ΣΠΛΗΝΟΜΕΓΑΛΙΑ
B90;HIV ΛΟΙΜΩΞΗ/AIDS
B99;ΑΙΜΟΠΟΙΗΤΙΚΟΥ/ΛΕΜΦΙΚΟΥ/ΣΠΛΗΝΑ ΝΟΣΟΣ ΑΛΛΗ
D01;ΚΟΙΛΙΑΚΟ ΑΛΓΟΣ/ΚΡΑΜΠΕΣ ΓΕΝΙΚΑ
D02;ΚΟΙΛΙΑΚΟ ΑΛΓΟΣ ΕΠΙΓΑΣΤΡΙΟΥ
D03;ΟΠΙΣΘΟΣΤΕΡΝΙΚΟ ΚΑΥΣΟΣ
D04;ΑΛΓΟΣ ΟΡΘΟΥ/ΠΡΩΚΤΟΥ
D05;ΠΕΡΙΠΡΩΚΤΙΚΟΣ ΚΝΗΣΜΟΣ
D06;ΚΟΙΛΙΑΚΟ ΑΛΓΟΣ ΕΝΤΟΠΙΣΜΕΝΟ ΑΛΛΟ
D07;ΔΥΣΠΕΨΙΑ/ΑΠΕΨΙΑ
D08;ΜΕΤΕΩΡΙΣΜΟΣ/ΑΕΡΙΑ/ΕΡΥΓΕΣ
D09;ΝΑΥΤΙΑ
D10;ΕΜΕΤΟΣ
D11;ΔΙΑΡΡΟΙΑ
D12;ΔΥΣΚΟΙΛΙΟΤΗΤΑ
D13;ΙΚΤΕΡΟΣ
D14;ΑΙΜΑΤΕΜΕΣΗ/ΕΜΕΤΟΣ ΑΙΜΑΤΟΣ
D15;ΜΕΛΑΙΝΑ
D16;ΑΙΜΟΡΡΑΓΙΑ ΟΡΘΟΥ
D17;ΑΚΡΑΤΕΙΑ ΤΟΥ ΕΝΤΕΡΟΥ
D18;ΑΛΛΑΓΗ ΣΕ ΚΟΠΡΑΝΑ/ΚΙΝΗΣΕΙΣ ΕΝΤΕΡΟΥ
D19;ΣΥΜΠΤΩΜΑ/ΕΝΟΧΛΗΜΑ ΔΟΝΤΙΩΝ, ΟΥΛΩΝ
D20;ΣΥΜΠΤΩΜΑΤΑ/ΕΝΟΧΛΗΜΑΤΑ ΣΤΟΜΑΤ/ΓΛΩΣΣ/ΧΕΙΛΙΩΝ
D21;ΠΡΟΒΛΗΜΑ ΚΑΤΑΠΟΣΗΣ
D23;ΗΠΑΤΟΜΕΓΑΛΙΑ
D24;ΚΟΙΛΙΑΚΗ ΜΑΖΑ ΜΚΑ
D25;ΚΟΙΛΙΑΚΗ ΔΙΑΤΑΣΗ
D26;ΦΟΒΟΣ ΚΑΡΚΙΝΟΥ ΠΕΠΤΙΚΟΥ ΣΥΣΤΗΜΑΤΟΣ
D27;ΦΟΒΟΣ ΑΛΛΟΥ ΝΟΣΗΜΑΤΟΣ ΠΕΠΤΙΚΟΥ ΣΥΣΤΗΜΑΤΟΣ
D28;ΠΕΡΙΟΡΙΣΜΟΣ ΛΕΙΤΟΥΡΓΙΑΣ/ΑΝΑΠΗΡΙΑ (D)
D29;ΠΕΠΤΙΚΟΥ ΣΥΣΤΗΜΑΤΟΣ ΣΥΜΠΤΩΜΑ/ΕΝΟΧΛΗΜΑ ΑΛΛΟ
D70;ΓΑΣΤΡΕΝΤΕΡΙΚΗ ΛΟΙΜΩΞΗ
D71;ΠΑΡΩΤΙΤΙΔΑ ΛΟΙΜΩΔΗΣ
D72;ΗΠΑΤΙΤΙΔΑ ΙΟΓΕΝΗΣ
D73;ΓΑΣΤΡΕΝΤΕΡΙΤΙΔΑ ΥΠΟΤΙΘΕΜΕΝΗ
D74;ΚΑΚΟΗΘΗ ΝΕΟΠΛΑΣΜΑΤΑ ΣΤΟΜΑΧΟΥ
D75;ΚΑΚΟΗΘΗ ΝΕΟΠΛΑΣΜΑΤΑ ΚΟΛΟΥ/ΟΡΘΟΥ
D76;ΚΑΚΟΗΘΗ ΝΕΟΠΛΑΣΜΑΤΑ ΠΑΓΚΡΕΑΤΟΣ
D77;ΚΑΚΟΗΘΗ ΝΕΟΠΛΑΣΜΑΤΑ ΠΕΠΤΙΚΟΥ ΑΛΛΑ ΜΚΑ
D78;ΚΑΛΟΗΘΗ/ΜΗ ΚΑΘΟΡΙΣΜΕΝΑ ΝΕΟΠΛΑΣΜΑΤΑ ΠΕΠΤΙΚΟΥ
D79;ΞΕΝΟ ΣΩΜΑ (ΠΕΠΤΙΚΟ ΣΥΣΤΗΜΑ)
D80;ΠΕΠΤΙΚΟΥ ΣΥΣΤΗΜΑΤΟΣ ΚΑΚΩΣΕΙΣ ΑΛΛΕΣ
D81;ΠΕΠΤΙΚΟΥ ΣΥΣΤΗΜΑΤΟΣ ΣΥΓΓΕΝΕΙΣ ΑΝΩΜΑΛΙΕΣ
D82;ΝΟΣΗΜΑΤΑ ΔΟΝΤΙΩΝ/ΟΥΛΩΝ
D83;ΝΟΣΗΜΑΤΑ ΣΤΟΜΑΤΟΣ/ΓΛΩΣΣΑΣ/ΧΕΙΛΕΩΝ
D84;ΝΟΣΗΜΑ ΟΙΣΟΦΑΓΟΥ
D85;ΕΛΚΟΣ ΔΩΔΕΚΑΔΑΚΤΥΛΟΥ
D86;ΠΕΠΤΙΚΟ ΕΛΚΟΣ ΑΛΛΟ
D87;ΔΙΑΤΑΡΑΧΕΣ ΛΕΙΤΟΥΡΓΙΑΣ ΣΤΟΜΑΧΟΥ
D88;ΣΚΩΛΗΚΟΕΙΔΙΤΙΔΑ
D89;ΒΟΥΒΩΝΟΚΗΛΗ
D90;ΔΙΑΦΡΑΓΜΑΤΟΚΗΛΗ
D91;ΚΗΛΕΣ ΚΟΙΛΙΑΣ ΑΛΛΕΣ
D92;ΕΚΚΟΛΠΩΜΑΤΙΚΗ ΝΟΣΟΣ
D93;ΣΥΝΔΡΟΜΟ ΕΥΕΡΕΘΙΣΤΟΥ ΕΝΤΕΡΟΥ
D94;ΕΝΤΕΡΙΤΙΔΑ ΧΡΟΝΙΑ/ΚΟΛΙΤΙΔΑ ΕΛΚΩΔΗΣ
D95;ΡΑΓΑΔΑ ΠΡΩΚΤΟΥ/ΠΕΡΙΕΔΡΙΚΟ ΑΠΟΣΤΗΜΑ
D96;ΣΚΩΛΙΚΕΣ/ΑΛΛΑ ΠΑΡΑΣΙΤΑ
D97;ΗΠΑΤΟΣ ΝΟΣΗΜΑ ΑΛΛΟ
D98;ΧΟΛΟΚΥΣΤΙΤΙΔΑ/ΧΟΛΟΛΙΘΙΑΣΗ
D99;ΠΕΠΤΙΚΟΥ ΣΥΣΤΗΜΑΤΟΣ ΝΟΣΗΜΑ ΑΛΛΟ
F01;ΑΛΓΟΣ ΟΦΘΑΛΜΟΥ
F02;ΕΡΥΘΡΟΣ ΟΦΘΑΛΜΟΣ
F03;ΟΦΘΑΛΜΙΚΟ ΕΚΚΡΙΜΑ
F04;ΚΙΝΗΤΑ ΟΠΤΙΚΑ ΣΗΜΕΙΑ/ΚΙΛΗΔΕΣ
F05;ΟΠΤΙΚΗ ΔΙΑΤΑΡΑΧΗ ΑΛΛΗ
F13;ΠΑΘΟΛΟΓΙΚΗ ΑΙΣΘΗΣΗ ΤΟΥ ΟΦΘΑΛΜΟΥ
F14;ΠΑΘΟΛΟΓΙΚΕΣ ΚΙΝΗΣΕΙΣ ΟΦΘΑΛΜΟΥ
F15;ΠΑΘΟΛΟΓΙΚΗ ΕΜΦΑΝΙΣΗ ΟΦΘΑΛΜΩΝ
F16;ΣΥΜΠΤΩΜΑ/ΕΝΟΧΛΗΜΑ ΒΛΕΦΑΡΩΝ
F17;ΣΥΜΠΤΩΜΑ/ΕΝΟΧΛΗΜΑ ΓΥΑΛΙΩΝ (ΟΡΑΣΗΣ)
F18;ΣΥΜΠΤΩΜΑ/ΕΝΟΧΛΗΜΑ ΦΑΚΟΥ ΕΠΑΦΗΣ
F27;ΦΟΒΟΣ ΟΦΘΑΛΜΟΛΟΓΙΚΟΥ ΝΟΣΗΜΑΤΟΣ
F28;ΠΕΡΙΟΡΙΣΜΟΣ ΛΕΙΤΟΥΡΓΙΑΣ/ΑΝΙΚΑΝΟΤΗΤΑ (F)
F29;ΟΦΘΑΛΜΩΝ ΣΥΜΠΤΩΜΑ/ΕΝΟΧΛΗΜΑ ΑΛΛΟ
F70;ΕΠΙΠΕΦΥΚΙΤΙΔΑ ΛΟΙΜΩΔΗΣ
F71;ΕΠΙΠΕΦΥΚΙΤΙΔΑ ΑΛΛΕΡΓΙΚΗ
F72;ΒΛΕΦΑΡΙΤΙΔΑ/ΚΡΙΘΗ/ΧΑΛΑΖΙΟ
F73;ΟΦΘΑΛΜΟΥ ΛΟΙΜΩΞΗ/ΦΛΕΓΜΟΝΗ ΑΛΛΗ
F74;ΟΦΘΑΛΜΟΥ/ΕΞΑΡΤΗΜΑΤΩΝ ΝΕΟΠΛΑΣΜΑ
F75;ΟΦΘΑΛΜΟΥ ΜΩΛΩΠΑΣ/ΑΙΜΟΡΡΑΓΙΑ
F76;ΞΕΝΟ ΣΩΜΑ ΣΤΟΝ ΟΦΘΑΛΜΟ
F79;ΟΦΘΑΛΜΟΥ ΚΑΚΩΣΕΙΣ ΑΛΛΕΣ
F80;ΑΠΟΦΡΑΓΜΕΝΟΣ ΔΑΚΡΥΙΚΟΣ ΠΟΡΟΣ ΒΡΕΦΟΥΣ
F81;ΟΦΘΑΛΜΟΥ ΣΥΓΓΕΝΗΣ ΑΝΩΜΑΛΙΑ ΑΛΛΗ
F82;ΑΠΟΚΟΛΛΗΣΗ ΑΜΦΙΒΛΗΣΤΡΟΕΙΔΟΥΣ
F83;ΑΜΦΙΒΛΗΣΤΡΟΕΙΔΟΠΑΘΕΙΑ
F84;ΕΚΦΥΛΙΣΗ ΩΧΡΗΣ ΚΗΛΙΔΑΣ
F85;ΕΛΚΟΣ ΚΕΡΑΤΟΕΙΔΟΥΣ
F86;ΤΡΑΧΩΜΑ
F91;ΔΙΑΘΛΑΣΤΙΚΗ ΑΝΩΜΑΛΙΑ
F92;ΚΑΤΑΡΡΑΚΤΗΣ
F93;ΓΛΑΥΚΩΜΑ
F94;ΤΥΦΛΩΣΗ
F95;ΣΤΡΑΒΙΣΜΟΣ
F99;ΟΦΘΑΛΜΟΥ/ΕΞΑΡΤΗΜΑΤΩΝ ΑΣΘΕΝΕΙΕΣ ΑΛΛΕΣ
H01;ΑΛΓΟΣ/ΠΟΝΟΣ ΣΤΟ ΑΥΤΙ
H02;ΕΝΟΧΛΗΜΑ ΑΚΟΗΣ
H03;ΕΜΒΟΕΣ/ΣΥΡΙΓΜΟΙ/ΒΟΥΗΤΑ ΑΥΤΙΟΥ
H04;ΩΤΙΚΗ ΕΚΚΡΙΣΗ
H05;ΑΙΜΟΡΡΑΓΙΑ ΑΥΤΙΟΥ
H13;ΑΙΣΘΗΜΑ ΒΟΥΛΩΜΕΝΟΥ ΑΥΤΙΟΥ
H15;ΑΝΗΣΥΧΙΑ ΓΙΑ ΤΗΝ ΕΜΦΑΝΙΣΗ ΤΩΝ ΑΥΤΙΩΝ
H27;ΦΟΒΟΣ ΝΟΣΗΜΑΤΟΣ ΣΤΟ ΑΥΤΙ
H28;ΠΕΡΙΟΡΙΣΜΟΣ ΛΕΙΤΟΥΡΓΙΑΣ/ΑΝΑΠΗΡΙΑ (H)
H29;ΑΥΤΙΟΥ ΣΥΜΠΤΩΜΑ/ΕΝΟΧΛΗΜΑ ΑΛΛΟ
H70;ΩΤΙΤΙΔΑ ΕΞΩΤΕΡΙΚΗ
H71;ΩΤΙΤΙΔΑ ΜΕΣΗ ΟΞΕΙΑ/ΦΛΕΓΜΟΝΗ ΤΥΜΠΑΝΙΚΟΥ ΥΜΕΝΑ
H72;ΩΤΙΤΙΔΑ ΜΕΣΗ ΕΚΚΡΙΤΙΚΗ
H73;ΕΥΣΤΑΧΙΑΝΗ ΣΑΛΠΙΓΓΙΤΙΔΑ
H74;ΩΤΙΤΙΔΑ ΜΕΣΗ ΧΡΟΝΙΑ
H75;ΝΕΟΠΛΑΣΜΑ ΤΟΥ ΩΤΟΣ
H76;ΞΕΝΟ ΣΩΜΑ ΣΤΟ ΑΥΤΙ
H77;ΔΙΑΤΡΗΣΗ ΩΤΙΚΟΥ ΤΥΜΠΑΝΟΥ
H78;ΕΠΙΠΟΛΗΣ ΚΑΚΩΣΗ ΤΟΥ ΑΥΤΙΟΥ
H79;ΚΑΚΩΣΗ ΣΤΟ ΑΥΤΙ ΑΛΛΗ
H80;ΣΥΓΓΕΝΗΣ ΑΝΩΜΑΛΙΑ ΤΟΥ ΑΥΤΙΟΥ
H81;ΥΠΕΡΕΚΚΡΙΣΗ ΚΥΨΕΛΙΔΑΣ ΑΥΤΙΟΥ
H82;ΣΥΝΔΡΟΜΟ ΙΛΙΓΓΟΥ
H83;ΩΤΟΣΚΛΗΡΥΝΣΗ
H84;ΠΡΕΣΒΥΑΚΟΥΣΙΑ
H85;ΑΚΟΥΣΤΙΚΟ ΤΡΑΥΜΑ
H86;ΚΩΦΩΣΗ
H99;ΝΟΣΗΜΑΤΑ ΑΥΤΙΟΥ/ΜΑΣΤΟΕΙΔΟΥΣ ΑΛΛΑ
K01;ΑΛΓΟΣ ΣΤΗΝ ΚΑΡΔΙΑ
K02;ΑΙΣΘΗΜΑ ΠΙΕΣΗΣ/ΣΦΗΞΙΜΟ ΑΠΟΔΙΔΟΜ.ΣΤΗΝ ΚΑΡΔΙΑ
K03;ΑΛΓΟΣ ΚΑΡΔΙΑΓΓΕΙΑΚΟΥ ΣΥΣΤΗΜΑΤΟΣ ΜΚΑ
K04;ΑΙΣΘΗΜΑ ΠΑΛΜΩΝ/ΑΝΤΙΛΗΨΗ ΚΑΡΔΙΑΚΗΣ ΩΣΗΣ
K05;ΑΡΡΥΘΜΟΥ ΚΑΡΔΙΑΚΟΥ ΡΥΘΜΟΥ ΑΛΛΟ ΕΙΔΟΣ
K06;ΠΡΟΕΞΕΧΟΥΣΕΣ ΦΛΕΒΕΣ/ΕΠΙΦΛΕΒΟ
K07;ΠΡΗΞΙΜΟ ΣΦΥΡΩΝ/ΟΙΔΗΜΑ
K22;ΠΑΡΑΓΟΝΤΑΣ ΚΙΝΔΥΝΟΥ ΓΙΑ ΚΑΡΔΙΑΓΓΕΙΑΚΟ ΝΟΣΗΜΑ
K24;ΦΟΡΒΟΣ ΚΑΡΔΙΑΚΟΥ ΝΟΣΗΜΑΤΟΣ
K25;ΦΟΒΟΣ ΥΠΕΡΤΑΣΗΣ
K27;ΦΟΒΟΣ ΑΛΛΗΣ ΝΟΣΟΥ ΚΑΡΔΙΑΓΓΕΙΑΚΟΥ ΣΥΣΤΗΜΑΤΟΣ
K28;ΠΕΡΙΟΡΙΣΜΟΣ ΛΕΙΤΟΥΡΓΙΑΣ/ΑΝΑΠΗΡΙΑ (K)
K29;ΚΑΡΔΙΑΓΓΕΙΑΚΟΥ ΣΥΣΤΗΜ. ΣΥΜΠΤΩΜΑ/ΕΝΟΧΛΗΜΑ ΑΛΛΟ
K70;ΚΥΚΛΟΦΟΡΙΚΟΥ ΣΥΣΤΗΜΑΤΟΣ ΛΟΙΜΩΞΗ
K71;ΡΕΥΜΑΤΙΚΟΣ ΠΥΡΕΤΟΣ/ΚΑΡΔΙΑΚΟ ΝΟΣΗΜΑ
K72;ΝΕΟΠΛΑΣΜΑ ΚΑΡΔΙΑΓΓΕΙΑΚΟΥ ΣΥΣΤΗΜΑΤΟΣ
K73;ΚΑΡΔΙΑΓΓΕΙΑΚΟΥ ΣΥΣΤΗΜΑΤΟΣ ΣΥΓΓΕΝΗΣ ΑΝΩΜΑΛΙΑ
K74;ΣΤΕΦΑΝΙΑΙΑ ΝΟΣΟΣ ΜΕ ΣΤΗΘΑΓΧΗ
K75;ΟΞΥ ΕΜΦΡΑΓΜΑ ΜΥΟΚΑΡΔΙΟΥ
K76;ΙΣΧΑΙΜΙΚΗ ΚΑΡΔΙΑΚΗ ΝΟΣΟΣ ΧΩΡΙΣ ΣΤΗΘΑΓΧΗ
K77;ΚΑΡΔΙΑΚΗ ΑΝΕΠΑΡΚΕΙΑ
K78;ΚΟΛΠΙΚΗ ΜΑΡΜΑΡΥΓΗ/ΠΤΕΡΥΓΙΣΜΟΣ
K79;ΠΑΡΟΞΥΣΜΙΚΗ ΤΑΧΥΚΑΡΔΙΑ
K80;ΚΑΡΔΙΑΚΗ ΑΡΡΥΘΜΙΑ ΜΚΑ
K81;ΚΑΡΔΙΑΚΟ/ΑΡΤΗΡΙΑΚΟ ΦΥΣΗΜΑ ΜΚΑ
K82;ΧΡΟΝΙΑ ΠΝΕΥΜΟΝΙΚΗ ΚΑΡΔΙΑ
K83;ΒΑΛΒΙΔΟΠΑΘΕΙΑ ΜΚΑ
K84;ΚΑΡΔΙΑΚΟ ΝΟΣΗΜΑ ΑΛΛΟ
K85;ΑΡΤΗΡΙΑΚΗ ΠΙΕΣΗ ΑΥΞΗΜΕΝΗ
K86;ΥΠΕΡΤΑΣΗ ΜΗ ΕΠΙΠΛΕΓΜΕΝΗ
K87;ΥΠΕΡΤΑΣΗ ΕΠΙΠΛΕΓΜΕΝΗ
K88;ΟΡΘΟΣΤΑΤΙΚΗ ΥΠΟΤΑΣΗ
K89;ΕΓΓΕΦΑΛΙΚΗ ΙΣΧΑΙΜΙΑ ΠΑΡΟΔΙΚΗ
K90;ΑΓΓΕΙΑΚΟ ΕΓΚΕΦΑΛΙΚΟ ΕΠΕΙΣΟΔΙΟ T
K91;ΕΓΚΕΦΑΛΙΚΗ ΑΓΓΕΙΑΚΗ ΝΟΣΟΣ
K92;ΑΡΤΗΡΙΟΣΚΛΗΡΥΝΣΗ/ΠΕΡΙΦΕΡΙΚΗ ΑΓΓΕΙΑΚΗ ΝΟΣΟΣ
K93;ΠΝΕΥΜΟΝΙΚΗ ΕΜΒΟΛΗ
K94;ΦΛΕΒΙΤΙΔΑ/ΘΡΟΜΒΟΦΛΕΒΙΤΙΔΑ
K95;ΦΛΕΒΙΚΟΙ ΚΙΡΣΟΙ ΚΑΤΩ ΑΚΡΟΥ
K96;ΑΙΜΟΡΡΟΙΔΕΣ
K99;ΚΥΚΛΟΦΟΡΙΚΟΥ ΣΥΣΤΗΜΑΤΟΣ ΝΟΣΗΜΑ ΑΛΛΟ
L01;ΣΥΜΠΤΩΜΑ/ΕΝΟΧΛΗΜΑ ΑΥΧΕΝΑ
L02;ΣΥΜΠΤΩΜΑ/ΕΝΟΧΛΗΜΑ ΡΑΧΗΣ
L03;ΣΥΜΠΤΩΜΑ/ΕΝΟΧΛΗΜΑ ΟΣΦΥΟΣ
L04;ΣΥΜΠΤΩΜΑ/ΕΝΟΧΛΗΜΑ ΘΩΡΑΚΟΣ
L05;ΣΥΜΠΤΩΜΑ/ΕΝΟΧΛΗΜΑ ΠΛΕΥΡΩΝ/ΜΑΣΧΑΛ.ΧΩΡΑΣ
L07;ΣΥΜΠΤΩΜΑ/ΕΝΟΧΛΗΜΑ ΓΝΑΘΟΥ
L08;ΣΥΜΠΤΩΜΑ/ΕΝΟΧΛΗΜΑ ΩΜΟΥ
L09;ΣΥΜΠΤΩΜΑ/ΕΝΟΧΛΗΜΑ ΒΡΑΧΙΩΝΑ/ΠΗΧΗ
L10;ΣΥΜΠΤΩΜΑ/ΕΝΟΧΛΗΜΑ ΑΓΚΩΝΑ
L11;ΣΥΜΠΤΩΜΑ/ΕΝΟΧΛΗΜΑ ΚΑΡΠΟΥ
L12;ΣΥΜΠΤΩΜΑ/ΕΝΟΧΛΗΜΑ ΑΚΡΑΣ ΧΕΙΡΟΣ/ΔΑΚΤΥΛΩΝ
L13;ΣΥΜΠΤΩΜΑ/ΕΝΟΧΛΗΜΑ ΙΣΧΙΟΥ
L14;ΣΥΜΠΤΩΜΑ/ΕΝΟΧΛΗΜΑ ΜΗΡΟΥ/ΚΝΗΜΗΣ
L15;ΣΥΜΠΤΩΜΑ/ΕΝΟΧΛΗΜΑ ΓΟΝΑΤΟΥ
L16;ΣΥΜΠΤΩΜΑ/ΕΝΟΧΛΗΜΑ ΠΟΔΟΚΝΗΜΙΚΗΣ
L17;ΣΥΜΠΤΩΜΑ/ΕΝΟΧΛΗΜΑ ΠΕΛΜΑΤΟΣ ΠΟΔΙΟΥ/ΔΑΚΤΥΛΩΝ
L18;ΜΥΑΛΓΙΑ
L19;ΣΥΜΠΤΩΜΑ/ΕΝΟΧΛΗΜΑ ΜΥΩΝ ΑΛΛΟ ΜΚΑ
L20;ΣΥΜΠΤΩΜΑ/ΕΝΟΧΛΗΜΑ ΑΡΘΡΩΣΕΩΝ ΜΚΑ
L26;ΦΟΒΟΣ ΚΑΡΚΙΝΟΥ ΜΥΟΣΚΕΛΕΤΙΚΟΥ ΣΥΣΤΗΜΑΤΟΣ
L27;ΦΟΒΟΣ ΑΛΛΟΥ ΜΥΟΣΚΕΛΕΤΙΚΟΥ ΣΥΣΤΗΜΑΤΟΣ
L28;ΠΕΡΙΟΡΙΣΜΟΣ ΛΕΙΤΟΥΡΓΙΑΣ/ΑΝΑΠΗΡΙΑ (L)
L29;ΜΥΟΣΚΕΛΕΤ.ΣΥΣΤΗΜΑΤΟΣ ΣΥΜΠΤΩΜΑ/ΕΝΟΧΛΗΜΑ ΑΛΛΟ
L70;ΜΥΟΣΚΕΛΕΤΙΚΟΥ ΣΥΣΤΗΜΑΤΟΣ ΛΟΙΜΩΞΗ
L71;ΚΑΚΟΗΘΕΣ ΝΕΟΠΛΑΣΜΑ ΜΥΟΣΚΕΛΕΤΙΚΟΥ ΣΥΣΤΗΜΑΤΟΣ
L72;ΚΑΤΑΓΜΑ ΚΕΡΚΙΔΑΣ/ΩΛΕΝΗΣ
L73;ΚΑΤΑΓΜΑ ΚΝΗΜΗΣ/ΠΕΡΟΝΗΣ
L74;ΚΑΤΑΓΜΑ ΑΚΡΑΣ ΧΕΙΡΟΣ/ΠΟΔΟΣ
L75;ΚΑΤΑΓΜΑ ΜΗΡΙΑΙΟΥ
L76;ΚΑΤΑΓΜΑ ΑΛΛΑ
L77;ΔΙΑΣΤΡΕΜΜΑ/ΚΑΤΑΠΟΝΗΣΗ ΠΟΔΟΚΝΗΜΙΚΗΣ
L78;ΔΙΑΣΤΡΕΜΜΑ/ΚΑΤΑΠΟΝΗΣΗ ΓΟΝΑΤΟΣ
L79;ΔΙΑΣΤΡΕΜΜΑ/ΚΑΤΑΠΟΝΗΣΗ ΑΛΛΗΣ ΑΡΘΡΩΣΗΣ
L80;ΕΞΑΡΘΡΗΜΑ/ΥΠΕΞΑΡΘΡΗΜΑ
L81;ΚΑΚΩΣΕΙΣ ΜΥΟΣΚΕΛΕΤΙΚΟΥ ΣΥΣΤΗΜΑΤΟΣ ΜΚΑ
L82;ΜΥΟΣΚΕΛΕΤΙΚΟΥ ΣΥΣΤΗΜΑΤΟΣ ΣΥΓΓΕΝΗΣ ΑΝΩΜΑΛΙΑ
L83;ΑΥΧΕΝΙΚΟ ΣΥΝΔΡΟΜΟ
L84;ΟΣΦΥΑΛΓΙΑ ΧΩΡΙΣ ΡΙΖΙΤΙΚΟ ΑΛΓΟΣ
L85;ΕΠΙΚΤΗΣΗ ΠΑΡΑΜΟΡΦΩΣΗ ΤΗΣ ΣΣ
L86;ΟΣΦΥΑΛΓΙΑ ΜΕ ΡΙΖΙΤΙΚΟ ΑΛΓΟΣ
L87;ΘΥΛΑΚΙΤΙΔΑ/ΤΕΝΟΝΤΙΤΙΔΑ/ΥΜΕΝΙΤΙΔΑ
L88;ΡΕΥΜΑΤΟΕΙΔΗΣ/ΟΡΟΘΕΤΙΚΗ ΑΡΘΡΙΤΙΔΑ
L89;ΟΣΤΕΟΑΡΘΡΙΤΙΔΑ ΙΣΧΙΟΥ
L90;ΟΣΤΕΟΑΡΘΡΙΤΙΔΑ ΓΟΝΑΤΟΣ
L91;ΟΣΤΕΟΑΡΘΡΙΤΙΔΑ ΑΛΛΗ
L92;ΣΥΝΔΡΟΜΟ ΩΜΙΚΗΣ ΖΩΝΗΣ
L93;ΕΠΙΚΟΝΔΥΛΙΤΙΔΑ ΑΓΚΩΝΟΣ (ΝΟΣΟΣ ΤΟΥ ΤΕΝΙΣΤΑ)
L94;ΟΣΤΕΟΧΟΝΔΡΩΣΗ
L95;ΟΣΤΕΟΠΟΡΩΣΗ
L96;ΚΑΚΩΣΗ ΓΟΝΑΤΟΣ ΕΣΩΤΕΡΙΚΗ ΟΞΕΙΑ
L97;ΝΕΟΠΛΑΣΜΑ ΜΥΟΣΚΕΛΕΤ.ΣΥΣΤΗΜ.ΚΑΛΟΗΘΕΣ/ΜΗ ΚΑΘ.
L98;ΕΠΙΚΤΗΤΗ ΠΑΡΑΜΟΡΦΩΣΗ ΑΚΡΟΥ
L99;ΜΥΟΣΚΕΛΕΤΙΚΟΥ ΣΥΣΤΗΜΑΤΟΣ ΝΟΣΗΜΑ ΑΛΛΟ
N01;ΚΕΦΑΛΑΓΙΑ
N03;ΑΛΓΟΣ ΠΡΟΣΩΠΟΥ
N04;ΓΑΣΤΡΟΚΝΗΜΙΚΟ ΑΛΓΟΣ ΣΤΗΝ ΑΝΑΠΑΥΣΗ
N05;ΚΝΗΣΜΟΣ ΔΑΚΤΥΛΩΝ ΧΕΙΡΟΣ/ΠΟΔΟΣ/ΠΕΛΜΑΤΩΝ
N06;ΔΙΑΤΑΡΑΧΗ ΑΙΣΘΗΤΙΚΟΤΗΤΑΣ ΑΛΛΗ
N07;ΣΠΑΣΜΟΙ/ΕΠΙΛΗΠΤΙΚΗ ΚΡΙΣΗ
N08;ΠΑΘΟΛΟΓΙΚΕΣ ΑΚΟΥΣΙΕΣ ΚΙΝΗΣΕΙΣ
N16;ΔΙΑΤΑΡΑΧΕΣ ΟΣΦΡΗΣΗΣ/ΓΕΥΣΗΣ
N17;ΙΛΙΓΓΟΣ/ΖΑΛΗ
N18;ΠΑΡΑΛΥΣΗ/ΑΔΥΝΑΜΙΑ
N19;ΔΙΑΤΑΡΑΧΕΣ ΛΟΓΟΥ/ΟΜΙΛΙΑΣ
N26;ΦΟΒΟΣ ΚΑΡΚΙΝΟΥ ΝΕΥΡΙΚΟΥ ΣΥΣΤΗΜΑΤΟΣ
N27;ΦΟΒΟΣ ΝΕΥΡΟΛΟΓΙΚΟΥ ΝΟΣΗΜΑΤΟΣ ΑΛΛΟΥ
N28;ΠΕΡΙΟΡΙΣΜΟΣ ΛΕΙΤΟΥΡΓΙΑΣ ΑΝΑΠΗΡΙΑ (N)
N29;ΝΕΥΡΙΚΟΥ ΣΥΣΤΗΜΑΤΟΣ ΣΥΜΠΤΩΜΑ/ΕΝΟΧΛΗΜΑ ΑΛΛΟ
N70;ΠΟΛΙΟΜΥΕΛΙΤΙΔΑ
N71;ΜΗΝΙΓΓΙΤΙΔΑ/ΕΓΚΕΦΑΛΙΤΙΔΑ
N72;ΤΕΤΑΝΟΣ
N73;ΝΕΥΡΙΚΟΥ ΣΥΣΤΗΜΑΤΟΣ ΛΟΙΜΩΞΕΙΣ ΑΛΛΕΣ
N74;ΚΑΚΟΗΘΕΣ ΝΕΟΠΛΑΣΜΑ ΝΕΥΡΙΚΟΥ ΣΥΣΤΗΜΑΤΟΣ
N75;ΚΑΛΟΗΘΕΣ ΝΕΟΠΛΑΣΜΑ ΝΕΥΡΙΚΟΥ ΣΥΣΤΗΜΑΤΟΣ
N76;ΝΕΟΠΛΑΣΜΑ ΝΕΥΡΙΚΟΥ ΣΥΣΤΗΜΑΤΟΣ ΜΗ ΚΑΘΟΡΙΣΜΕΝΟ
N79;ΔΙΑΣΕΙΣΗ
N80;ΚΕΦΑΛΗΣ ΚΑΚΩΣΗ ΑΛΛΗ
N81;ΝΕΥΡΙΚΟΥ ΣΥΣΤΗΜΑΤΟΣ ΚΑΚΩΣΗ ΑΛΛΗ
N85;ΝΕΥΡΙΚΟΥ ΣΥΣΤΗΜΑΤΟΣ ΣΥΓΓΕΝΗΣ ΑΝΩΜΑΛΙΑ
N86;ΣΚΛΗΡΥΝΣΗ ΚΑΤΑ ΠΛΑΚΑΣ
N87;ΠΑΡΚΙΝΣΟΝΙΣΜΟΣ
N88;ΕΠΙΛΗΨΙΑ
N89;ΗΜΙΚΡΑΝΙΑ
N90;ΚΕΦΑΛΑΛΓΙΑ ΑΘΡΟΙΣΤΙΚΗ
N91;ΠΑΡΑΛΥΣΗ ΠΡΟΣΩΠΟΥ/ΠΕΡΙΦΕΡ.ΠΑΡΕΣΗ ΠΡΟΣ.ΝΕΥΡΟΥ
N92;ΝΕΥΡΑΛΓΙΑ ΤΡΙΔΥΜΟΥ
N93;ΣΥΝΔΡΟΜΟ ΚΑΡΠΙΑΙΟΥ ΣΩΛΗΝΑ
N94;ΠΕΡΙΦΕΡΙΚΗ ΝΕΥΡΙΤΙΔΑ/ΝΕΥΡΟΠΑΘΕΙΑ
N95;ΚΕΦΑΛΑΛΓΙΑ ΤΑΣΗΣ
N99;ΝΕΥΡΙΚΟΥ ΣΥΣΤΗΜΑΤΟΣ ΝΟΣΗΜΑ ΑΛΛΟ
P01;ΑΙΣΘΗΜΑ ΑΓΧΟΥΣ/ΝΕΥΡΙΚΟΤΗΤΑΣ/ΕΝΤΑΣΗΣ
P02;ΑΓΧΩΔΗΣ ΑΜΤΙΔΡΑΣΗ ΟΞΕΙΑ
P03;ΚΑΤΑΘΛΙΠΤΙΚΟ ΑΙΣΘΗΜΑ
P04;ΑΙΣΘΗΜΑ/ΣΥΜΠΕΡΙΦΟΡΑ ΕΥΕΞΑΠΤΟΥ/ΟΞΥΘΥΜΟΥ
P05;ΓΗΡΑΣ, ΑΙΣΘΗΜΑ/ΣΥΜΠΕΡΙΦΟΡΑ ΗΛΙΚΙΩΜΕΝΟΥ
P06;ΔΙΑΤΑΡΑΧΕΣ ΥΠΝΟΥ
P07;ΣΕΞΟΥΑΛΙΚΗ ΕΠΙΘΥΜΙΑ ΜΕΙΩΜΕΝΗ
P08;ΣΕΞΟΥΑΛΙΚΗ ΟΛΟΚΛΗΡΩΣΗ ΜΕΙΩΜΕΝΗ
P09;ΑΝΗΣΥΧΙΑ ΓΙΑ ΣΕΞΟΥΛΙΚΗ ΠΡΟΤΙΜΗΣΗ
P10;ΤΡΑΥΛΙΣΜΑ/ΔΙΑΤΑΡΑΧΕΣ ΟΜΙΛΙΑΣ/ΤΙΚΣ
P11;ΠΡΟΒΛΗΜΑ ΛΗΨΗΣ ΤΡΟΦΗΣ ΠΑΙΔΙΟΥ
P12;ΕΝΟΥΡΙΣΗ
P13;ΕΓΚΟΠΡΙΣΗ/ΠΡΟΒΛΗΜΑ ΕΚΠΑΙΔΕΥΣΗΣ ΤΟΥ ΕΝΤΕΡΟΥ
P15;ΚΑΤΑΧΡΗΣΗ ΑΛΚΟΟΛ ΧΡΟΝΙΑ
P16;ΚΑΤΑΧΡΗΣΗ ΑΛΚΟΟΛ ΟΞΕΙΑ
P17;ΚΑΤΑΧΡΗΣΗ ΚΑΠΝΟΥ
P18;ΚΑΤΑΧΡΗΣΗ ΦΑΡΜΑΚΩΝ
P19;ΚΑΤΑΧΡΗΣΗ ΝΑΡΚΩΤΙΚΩΝ
P20;ΔΙΑΤΑΡΑΧΕΣ ΜΝΗΜΗΣ
P22;ΣΥΜΠΤΩΜΑ/ΕΝΟΧΛΗΜΑ ΣΥΜΠΕΡΙΦΟΡΑΣ ΠΑΙΔΙΟΥ
P23;ΣΥΜΠΤΩΜΑ/ΕΝΟΧΛΗΜΑ ΣΥΜΠΕΡΙΦΟΡΑΣ ΕΦΗΒΟΥ
P24;ΕΙΔΙΚΑ ΠΡΟΒΛΗΜΑΤΑ ΜΑΘΗΣΗΣ
P25;ΠΡΟΒΛΗΜΑΤΑ ΗΛΙΚΙΑΚΩΝ ΦΑΣΕΩΝ ΖΩΗΣ ΕΝΗΛΙΚΑ
P27;ΦΟΒΟΣ ΔΙΑΝΟΗΤΙΚΗΣ ΔΙΑΤΑΡΑΧΗΣ
P28;ΠΕΡΙΟΡΙΣΜΟΣ ΛΕΙΤΟΥΡΓΙΑΣ/ΑΝΑΠΗΡΙΑ (P)
P29;ΨΥΧΟΛΟΓΙΚΟ ΣΥΜΠΤΩΜΑ/ΕΝΟΧΛΗΜΑ ΑΛΛΟ
P70;ΑΝΟΙΑ
P71;ΨΥΧΟΣΥΝΔΡΟΜΟ ΟΡΓΑΝΙΚΟ ΑΛΛΟ
P72;ΣΧΙΖΟΦΡΕΝΕΙΑ
P73;ΨΥΧΩΣΗ ΣΥΝΑΙΣΘΗΜΑΤΙΚΗ
P74;ΑΓΧΩΔΗΣ ΔΙΑΤΑΡΑΧΗ/ΑΓΧΩΔΗΣ ΚΑΤΑΣΤΑΣΗ
P75;ΣΩΜΑΤΟΠΟΙΗΤΙΚΗ ΔΙΑΤΑΡΑΧΗ
P76;ΚΑΤΑΘΛΙΠΤΙΚΗ ΣΥΝΔΡΟΜΗ
P77;ΑΥΤΟΚΤΟΝΙΑ/ΑΠΟΠΕΙΡΑ ΑΥΤΟΚΤΟΝΙΑΣ
P78;ΝΕΥΡΑΣΘΕΝΕΙΑ/ΥΠΕΡΚΟΠΩΣΗ
P79;ΦΟΒΙΚΗ/ΨΥΧΑΝΑΓΚΑΣΤΙΚΗ ΔΙΑΤΑΡΑΧΗ
P80;ΔΙΑΤΑΡΑΧΗ ΠΡΟΣΩΠΙΚΟΤΗΤΑΣ
P81;ΥΠΕΡΚΙΝΗΤΙΚΗ ΔΙΑΤΑΡΑΧΗ
P82;ΜΕΤΑΤΡΑΥΜΑΤΙΚΗ ΑΓΧΩΔΗΣ ΔΙΑΤΑΡΑΧΗ
P85;ΔΙΑΝΟΗΤΙΚΗ ΚΑΘΥΣΤΕΡΗΣΗ
P86;ΨΥΧΟΓΕΝΗΣ ΑΝΟΡΕΞΙΑ/ΒΟΘΛΙΜΙΑ
P98;ΨΥΧΩΣΗ ΜΚΑ/ΑΛΛΗ
P99;ΨΥΧΟΛΟΓΙΚΕΣ ΔΙΑΤΑΡΑΧΕΣ ΑΛΛΕΣ
R01;ΑΛΓΟΣ ΑΝΑΠΝΕΥΣΤΙΚΟΥ ΣΥΣΤΗΜΑΤΟΣ
R02;ΤΑΧΥΠΝΟΙΑ/ΔΥΣΠΝΟΙΑ
R03;ΣΥΡΙΤΤΟΥΣΑ ΑΝΑΠΝΟΗ
R04;ΠΡΟΒΛΗΜΑ ΑΝΑΠΝΟΗΣ ΑΛΛΟ
R05;ΒΗΧΑΣ
R06;ΡΙΝΟΡΡΑΓΙΑ/ΕΠΙΣΤΑΞΗ
R07;ΠΤΑΡΜΟΣ/ΡΙΝΙΚΗ ΣΥΜΦΟΡΗΣΗ
R08;ΣΥΜΠΤΩΜΑ/ΕΝΟΧΛΗΜΑ ΡΙΝΟΣ ΑΛΛΟ
R09;ΣΥΜΠΤΩΜΑ/ΕΝΟΧΛΗΜΑ ΚΟΛΠΟΥ ΚΕΦΑΛΗΣ
R21;ΣΥΜΠΤΩΜΑ/ΕΝΟΧΛΗΜΑ ΛΑΙΜΟΥ
R23;ΣΥΜΠΤΩΜΑ/ΕΝΟΧΛΗΜΑ ΦΩΝΗΣ
R24;ΑΙΜΟΠΤΥΣΗ
R25;ΠΤΥΕΛΑ/ΦΛΕΓΜΑΤΑ ΠΑΘΟΛΟΓΙΚΑ
R26;ΦΟΒΟΣ ΚΑΡΚΙΝΟΥ ΑΝΑΠΝΕΥΣΤΙΚΟΥ ΣΥΣΤΗΜΑΤΟΣ
R27;ΦΟΒΟΣ ΝΟΣΗΜΑΤΟΣ ΑΝΑΠΝΕΥΣΤ.ΣΥΣΤΗΜΑΤΟΣ ΑΛΛΟΥ
R28;ΠΕΡΙΟΡΙΣΜΟΣ ΛΕΙΤΟΥΡΓΙΑΣ/ΑΝΑΠΗΡΙΑ (R)
R29;ΑΝΑΠΝΕΥΣΤ.ΣΥΣΤΗΜΑΤΟΣ ΣΥΜΠΤΩΜΑ/ΕΝΟΧΛΗΜΑ ΑΛΛΟ
R71;ΒΗΧΑΣ ΕΠΙΜΟΝΟΣ ΠΑΡΟΞΥΣΜΙΚΟΣ
R72;ΣΤΡΕΠΤΟΚΟΚΚΙΚΗ ΦΑΡΥΓΓΟΑΜΥΓΔΑΛΙΤΙΔΑ
R73;ΔΟΘΙΗΝΑΣ/ΑΠΟΣΤΗΜΑ ΡΙΝΟΣ
R74;ΑΝΩΤΕΡΟΥ ΑΝΑΠΝΕΥΣΤΙΚΟΥ ΛΟΙΜΩΞΗ ΟΞΕΙΑ
R75;ΠΑΡΑΡΡΙΝΟΚΟΛΠΙΤΙΔΑ ΟΞΕΙΑ/ΧΡΟΝΙΑ
R76;ΑΜΥΓΔΑΛΙΤΙΔΑ ΟΞΕΙΑ
R77;ΛΑΡΥΓΓΙΤΙΔΑ/ΤΡΑΧΕΙΙΤΙΔΑ ΟΞΕΙΑ
R78;ΒΡΟΓΧΙΤΙΔΑ/ΒΡΟΓΧΙΟΛΙΤΙΔΑ ΟΞΕΙΑ
R79;ΒΡΟΓΧΙΤΙΔΑ ΧΡΟΝΙΑ
R80;ΓΡΙΠΗ
R81;ΠΝΕΥΜΟΝΙΑ
R82;ΠΛΕΥΡΙΤΙΔΑ/ΠΛΕΥΡΙΤΙΚΗ ΣΥΛΛΟΓΗ
R83;ΑΝΑΠΝΕΥΣΤΙΚΟΥ ΣΥΣΤΗΜΑΤΟΣ ΛΟΙΜΩΞΗ ΑΛΛΗ
R84;ΚΑΚΟΗΘΕΣ ΝΕΟΠΛΑΣΜΑ ΒΡΟΓΧΩΝ/ΠΝΕΥΜΟΝΩΝ
R85;ΚΑΚΟΗΘΕΣ ΝΕΟΠΛΑΣΜΑ ΑΝΑΠΝΕΥΣΤ.ΣΥΣΤΗΜΑΤΟΣ ΑΛΛΟ
R86;ΚΑΛΟΗΘΕΣ ΝΕΟΠΛΑΣΜΑ ΑΝΑΠΝΕΥΣΤΙΚΟΥ ΣΥΣΤΗΜΑΤΟΣ
R87;ΞΕΝΟ ΣΩΜΑ ΡΙΝΟΣ/ΛΑΡΥΓΓΑ/ΒΡΟΓΧΩΝ
R88;ΑΝΑΠΝΕΥΣΤΙΚΟΥ ΣΥΣΤΗΜΑΤΟΣ ΚΑΚΩΣΗ ΑΛΛΗ
R89;ΑΝΑΠΝΕΥΣΤΙΚΟΥ ΣΥΣΤΗΜΑΤΟΣ ΣΥΓΓΕΝΗΣ ΑΝΩΜΑΛΙΑ
R90;ΥΠΕΡΤΡΟΦΙΑ ΑΜΥΓΔΑΛΩΝ/ΑΔΕΝΟΕΙΔΩΝ
R92;ΝΕΟΠΛΑΣΜΑ ΑΝΑΠΝΕΥΣΤ.ΣΥΣΤΗΜΑΤΟΣ ΜΗ ΚΑΘΟΡΙΣΜΕΝΟ
R95;ΠΝΕΥΜΟΝΟΠΑΘΕΙΑ ΑΠΟΦΡΑΚΤΙΚΗ ΧΡΟΝΙΑ
R96;ΑΣΘΜΑ
R97;ΡΙΝΙΤΙΔΑ ΑΛΛΕΡΓΙΚΗ
R98;ΣΥΝΔΡΟΜΟ ΥΠΕΡΑΕΡΙΣΜΟΥ
R99;ΑΝΑΠΝΕΥΣΤΙΚΟΥ ΣΥΣΤΗΜΑΤΟΣ ΝΟΣΗΜΑ ΑΛΛΟ
S01;ΑΛΓΟΣ/ΕΥΑΙΣΘΗΣΙΑ ΔΕΡΜΑΤΟΣ
S02;ΚΝΗΣΜΟΣ
S03;ΜΥΡΜΗΓΚΙΕΣ
S04;ΔΙΟΓΚΩΣΗ/ΟΙΔΗΜΑ ΤΟΠΙΚΟ
S05;ΔΙΟΓΚΩΣΗ/ΟΙΔΗΜΑ ΓΕΝΙΚΕΥΜΕΝΟ
S06;ΕΞΑΝΘΗΜΑ ΤΟΠΙΚΟ
S07;ΕΞΑΝΘΗΜΑ ΓΕΝΙΚΕΥΜΕΝΟ
S08;ΑΛΛΑΓΗ ΧΡΩΜΑΤΟΣ ΔΕΡΜΑΤΟΣ
S09;ΜΟΛΥΝΣΗ ΔΑΚΤΥΛΟΥ ΧΕΙΡΟΣ/ΠΟΔΟΣ
S10;ΔΟΘΙΗΝΑΣ/ΨΕΥΔΑΝΘΡΑΚΑΣ
S11;ΜΕΤΑΤΡΑΥΜΑΤΙΚΗ ΦΛΕΓΜΟΝΗ ΔΕΡΜΑΤΟΣ
S12;ΔΗΓΜΑ/ΝΥΓΜΟΣ ΕΝΤΟΜΟΥ
S13;ΔΗΓΜΑ ΖΩΟΥ/ΑΝΘΡΩΠΟΥ
S14;ΕΓΚΑΥΜΑ/ΖΕΜΑΤΙΣΜΑ
S15;ΞΕΝΟ ΣΩΜΑ ΜΕΣΑ ΣΤΟ ΔΕΡΜΑ
S16;ΜΕΛΑΝΙΑ/ΜΩΛΩΠΑΣ
S17;ΕΚΔΟΡΑ/ΑΜΥΧΗ/ΦΟΥΣΚΑΛΑ
S18;ΡΗΞΗ/ΤΟΜΗ
S19;ΚΑΚΩΣΗ ΔΕΡΜΑΤΟΣ ΑΛΛΗ
S20;ΤΥΛΟΣ/ΤΥΛΩΜΑ
S21;ΣΥΜΠΤΩΜΑ/ΕΝΟΧΛΗΜΑ ΥΦΗΣ ΔΕΡΜΑΤΟΣ
S22;ΣΥΜΠΤΩΜΑ/ΕΝΟΧΛΗΜΑ ΝΥΧΙΩΝ
S23;ΤΡΙΧΟΠΤΩΣΗ/ΦΑΛΑΚΡΑ
S24;ΣΥΜΠΤΩΜΑ/ΕΝΟΧΛΗΜΑ ΤΡΙΧΩΝ/ΤΡΙΧΩΤΟΥ ΚΕΦΑΛΗΣ
S26;ΦΟΒΟΣ ΚΑΡΚΙΝΟΥ ΔΕΡΜΑΤΟΣ
S27;ΦΟΒΟΣ ΝΟΣΗΜΑΤΟΣ ΔΕΡΜΑΤΟΣ ΑΛΛΟΥ
S28;ΠΕΡΙΟΡΙΣΜΟΣ ΛΕΙΤΟΥΡΓΙΑΣ/ΑΝΑΠΗΡΙΑ (S)
S29;ΔΕΡΜΑΤΟΣ ΣΥΜΠΤΩΜΑ/ΕΝΟΧΛΗΜΑ ΑΛΛΟ
S70;ΕΡΠΗΣ ΖΩΣΤΗΡΑΣ
S71;ΕΡΠΗΣ ΑΠΛΟΣ
S72;ΨΩΡΑ/ΑΛΛΕΣ ΑΚΑΡΙΑΣΕΙΣ
S73;ΦΘΕΙΡΙΑΣΗ/ΑΛΛΑ ΠΑΡΑΣΙΤΑ ΔΕΡΜΑΤΟΣ
S74;ΔΕΡΜΑΤΟΦΥΤΩΣΗ/ΤΡΙΧΟΦΥΤΙΑΣΗ
S75;ΜΟΝΙΛΙΑΣΗ/ΚΑΝΤΙΝΤΙΑΣΗ ΔΕΡΜΑΤΟΣ
S76;ΔΕΡΜΑΤΟΣ ΛΟΙΜΩΞΗ ΑΛΛΗ
S77;ΚΑΚΟΗΘΕΣ ΝΕΟΠΛΑΣΜΑ ΔΕΡΜΑΤΟΣ
S78;ΛΙΠΩΜΑ
S79;ΝΕΟΠΛΑΣΜΑ ΔΕΡΜΑΤΟΣ ΚΑΛΟΗΘΕΣ ΑΛΛΟ/ΜΗ ΚΑΘΟΡΙΣΜ.
S80;ΑΚΤΙΝΙΚΗ ΚΕΡΑΤΩΣΗ/ΗΛΙΑΚΟ ΕΓΚΑΥΜΑ
S81;ΑΙΜΑΓΓΕΙΩΜΑ/ΛΕΜΦΑΓΓΕΙΩΜΑ
S82;ΣΠΙΛΟΣ ΣΥΓΓΕΝΗΣ ΕΠΙΚΤΗΤΟΣ
S83;ΔΕΡΜΑΤΟΣ ΣΥΓΓΕΝΗΣ ΑΝΩΜΑΛΙΑ ΑΛΛΗ
S84;ΚΗΡΙΟ
S85;ΚΥΣΤΗ ΚΟΚΚΥΓΟΣ/ΣΥΡΙΓΓΙΟ
S86;ΔΕΡΜΑΤΙΤΙΔΑ ΣΜΙΓΜΑΤΟΡΡΟΙΚΗ
S87;ΔΕΡΜΑΤΙΤΙΔΑ/ΑΤΟΠΙΚΟ ΕΚΖΕΜΑ
S88;ΔΕΡΜΑΤΙΤΙΔΑ ΑΠΟ ΕΠΑΦΗ/ΑΛΛΕΡΓΙΚΗ
S89;ΕΞΑΝΘΗΜΑ ΕΚ ΣΠΑΡΓΑΝΩΝ
S90;ΠΙΤΥΡΙΑΣΗ ΡΟΔΟΧΡΟΥΣ
S91;ΨΩΡΙΑΣΗ
S92;ΙΔΡΩΤΟΠΟΙΟΥ ΑΔΕΝΑ ΝΟΣΟΣ
S93;ΣΜΗΓΜΑΤΟΓΟΝΟΣ ΚΥΣΤΗ
S94;ΕΙΣΦΡΥΣΗ ΟΝΥΧΟΣ
S95;ΤΕΡΜΙΝΘΟΣ ΜΟΛΥΣΜΑΤΙΚΗ
S96;ΑΚΜΗ
S97;ΕΛΚΟΣ ΔΕΡΜΑΤΟΣ ΧΡΟΝΙΟ
S98;ΚΝΙΔΩΣΗ
S99;ΔΕΡΜΑΤΟΣ ΝΟΣΗΜΑ ΑΛΛΟ
T01;ΔΙΨΑ ΥΠΕΡΜΕΤΡΗ
T02;ΟΡΑΞΗ ΥΠΕΡΜΕΤΡΗ
T03;ΑΠΩΛΕΙΑ ΟΡΕΞΗΣ
T04;ΠΡΟΒΛΗΜΑ ΔΙΑΤΡΟΦΗΣ ΒΡΕΦΟΥΣ/ΠΑΙΔΙΟΥ
T05;ΠΡΟΒΛΗΜΑ ΔΙΑΤΡΟΦΗΣ ΕΝΗΛΙΚΑ
T07;ΒΑΡΟΥΣ ΑΥΞΗΣΗ
T08;ΒΑΡΟΥΣ ΑΠΩΛΕΙΑ
T10;ΚΑΘΥΣΤΕΡΗΣΗ ΑΝΑΠΤΥΞΗΣ
T11;ΑΦΥΔΑΤΩΣΗ
T26;ΦΟΒΟΣ ΚΑΡΚΙΝΟΥ ΕΝΔΟΚΡΙΝΙΚΟΥ ΣΥΣΤΗΜΑΤΟΣ
T27;ΦΟΒΟΣ ΕΝΔΟΚΡΙΝ/ΜΕΤΑΒΟΛΙΚΟΥ ΝΟΣΗΜΑΤΟΣ ΑΛΛΟΥ
T28;ΠΕΡΙΟΡΙΣΜΟΣ ΛΕΙΤΟΥΡΓΙΑΣ/ΑΝΑΠΗΡΙΑ (T)
T29;ΣΥΜΠΤ/ΕΝΟΧΛ. ΕΝΔΟΚΡΙΝ/ΜΕΤΑΒΟΛ/ΔΙΑΙΤΗΤ.ΑΛΛΟ
T70;ΕΝΔΟΚΡΙΝΙΚΟΥ ΣΥΣΤΗΜΑΤΟΣ ΛΟΙΜΩΞΗ
T71;ΚΑΚΟΗΘΕΣ ΝΕΟΠΛΑΣΜΑ ΘΥΡΕΟΕΙΔΟΥΣ
T72;ΚΑΛΟΗΘΕΣ ΝΕΟΠΛΑΣΜΑ ΘΥΡΕΟΕΙΔΟΥΣ
T73;ΝΕΟΠΛΑΣΜΑ ΕΝΔΟΚΡΙΝΙΚΟΥ ΣΥΣΤ.ΑΛΛΟ/ΜΗ ΚΑΘΟΡΙΣΜ.
T78;ΘΥΡΕΟΓΛΩΣΣΙΚΟΣ ΠΟΡΟΣ/ΚΥΣΤΗ
T80;ΕΝΔΟΚΡΙΝ/ΜΕΤΑΒΟΛΙΚΟΥ ΣΥΓΓΕΝΗΣ ΑΝΩΜΑΛΙΑ ΑΛΛΗ
T81;ΒΡΟΓΧΟΚΗΛΗ
T82;ΠΑΧΥΣΑΡΚΙΑ
T83;ΥΠΕΡΒΑΡΟΣ/Η
T85;ΥΠΕΡΘΥΡΕΟΕΙΔΙΣΜΟΣ/ΘΥΡΕΟΤΟΞΙΚΩΣΗ
T86;ΠΕΡΘΥΡΕΟΕΙΔΙΣΜΟΣ/ΜΥΞΟΙΔΗΜΑ
T87;ΥΠΟΓΛΥΚΑΙΜΙΑ
T89;ΣΑΚΧΑΡΩΔΗΣ ΔΙΑΒΗΤΗΣ ΙΝΣΟΥΛΙΝΟΕΞΑΡΤΩΜΕΝΟΣ
T90;ΣΑΚΧΑΡΩΔΗΣ ΔΙΑΒΗΤΗΣ ΜΗ ΙΝΣΟΥΛΙΝΟΕΞΑΡΤΩΜΕΝΟΣ
T91;ΕΛΛΕΙΜΜΑ ΒΙΤΑΜΙΝΩΝ/ΘΡΕΨΗΣ
T92;ΑΡΘΡΙΤΙΔΑ ΟΥΡΙΚΗ
T93;ΔΙΑΤΑΡΑΧΗ ΜΕΤΑΒΟΛΙΣΜΟΥ ΛΙΠΩΝ
T99;ΕΝΔΟΚΡΙΝΙΚΗ/ΜΕΤΑΒΟΛΙΚΗ/ΔΙΑΤΡΟΦΙΚΗ ΝΟΣΟΣ ΑΛΛΗ
U01;ΔΥΣΟΥΡΙΑ/ΕΠΩΔΥΝΗ ΟΥΡΗΣΗ
U02;ΣΥΧΝΟΟΥΡΙΑ/ΕΠΙΞΗ ΠΡΟΣ ΟΥΡΗΣΗ
U04;ΑΚΡΑΤΕΙΑ ΟΥΡΩΝ
U05;ΟΥΡΗΣΗΣ ΠΡΟΒΛΗΜΑ ΑΛΛΟ
U06;ΑΙΜΑΤΟΥΡΙΑ
U07;ΟΥΡΗΣΗΣ ΕΝΟΧΛΗΜΑ ΑΛΛΟ
U08;ΕΠΙΣΧΕΣΗ ΟΥΡΩΝ
U13;ΚΥΣΤΗΣ ΣΥΜΠΤΩΜΑ/ΕΝΟΧΛΗΣΗ ΑΛΛΗ
U14;ΝΕΦΡΩΝ ΣΥΜΤΩΜΑ/ΕΝΟΧΛΗΜΑ
U26;ΦΟΒΟΣ ΚΑΡΚΙΝΟΥ ΟΥΤΟΠΟΙΗΤΙΚΟΥ ΣΥΣΤΗΜΑΤΟΣ
U27;ΦΟΒΟΣ ΝΟΣΗΜΑΤΟΣ ΟΥΡΟΠΟΙΗΤ.ΣΥΣΤΗΜΑΤΟΣ ΑΛΛΟΣ
U28;ΠΕΡΙΟΡΙΣΜΟΣ ΛΕΙΤΟΥΡΓΙΑΣ/ΑΝΑΠΗΡΙΑ (U)
U29;ΟΥΡΟΠΟΙΗΤ.ΣΥΣΤΗΜΑΤΟΣ ΣΥΜΠΤΩΜΑ/ΕΝΟΧΛΗΜΑ ΑΛΛΟ
U70;ΠΥΕΛΟΝΕΦΡΙΤΙΔΑ/ΠΥΕΛΙΤΙΔΑ
U71;ΚΥΣΤΙΤΙΔΑ/ΑΛΛΗ ΟΥΡΟΛΟΙΜΩΞΗ ΜΚΑ
U72;ΟΥΡΗΘΡΙΤΙΔΑ
U75;ΚΑΚΟΗΘΕΣ ΝΕΟΠΛΑΣΜΑ ΝΕΦΡΟΥ
U76;ΚΑΚΟΗΘΕΣ ΝΕΟΠΛΑΣΜΑ ΚΥΣΤΕΩΣ
U77;ΚΑΚΟΗΘΕΣ ΝΕΟΠΛΑΣΜΑ ΟΥΡΟΠΟΙΗΤΙΚΟΥ ΑΛΛΟ
U78;ΚΑΛΟΗΘΕΣ ΝΕΟΠΛΑΣΜΑ ΟΥΡΟΠΟΙΗΤΙΚΟΥ
U79;ΝΕΟΠΛΑΣΜΑ ΟΥΡΟΠΟΙΗΤΙΚΟΥ ΜΗ ΚΑΘΟΡΙΣΜΕΝΟ
U80;ΚΑΚΩΣΗ ΟΥΡΟΠΟΙΗΤΙΚΟΥ ΣΥΣΤΗΜΑΤΟΣ
U85;ΟΥΡΟΠΟΙΗΤΙΚΟΥ ΣΥΣΤΗΜΑΤΟΣ ΣΥΓΓΕΝΗΣ ΑΝΩΜΑΛΙΑ
U88;ΣΠΕΙΡΑΜΑΤΟΝΕΦΡΙΤΙΔΑ/ΝΕΦΡΩΣΗ
U90;ΛΕΥΚΩΜΑΤΟΥΡΙΑ ΟΡΘΟΣΤΑΤΙΚΗ/ΠΡΩΤΕΙΝΟΥΡΙΑ
U95;ΟΥΡΟΠΟΙΗΤΙΚΟΥ ΛΙΘΙΑΣΗ
U98;ΟΥΡΩΝ ΕΞΕΤΑΣΗ ΠΑΘΟΛΟΓΙΚΗ ΜΚΑ
U99;ΟΥΡΟΠΟΙΗΤΙΚΟΥ ΣΥΣΤΗΜΑΤΟΣ ΑΣΘΕΝΕΙΑ ΑΛΛΗ
W01;ΕΓΚΥΜΟΣΥΝΗΣ ΥΠΟΨΙΑ
W02;ΕΓΚΥΜΟΣΥΝΗΣ ΦΟΒΟΣ
W03;ΑΙΜΟΡΡΑΓΙΑ ΚΑΤΑ ΤΗΝ ΚΥΗΣΗ
W05;ΕΜΕΤΟΣ/ΝΑΥΤΙΑ ΤΗΣ ΕΓΚΥΜΟΣΥΝΗΣ
W10;ΑΝΤΙΣΥΛΛΗΨΗ ΜΕΤΑΣΥΝΟΥΣΙΑΚΗ
W11;ΑΝΤΙΣΥΛΛΗΨΗ ΑΠΟ ΤΟΥ ΣΤΟΜΑΤΟΣ
W12;ΑΝΤΙΣΥΛΛΗΨΗΣ ΕΝΔΙΜΗΤΡΙΚΗ ΜΕΘΟΔΟΣ
W13;ΣΤΕΙΡΩΣΗ (ΓΥΝΑΙΚΑ)
W14;ΑΝΤΙΣΥΛΛΗΨΗΣ ΑΛΛΟ ΕΙΔΟΣ (ΓΥΝΑΙΚΑ)
W15;ΣΤΕΙΡΟΤΗΑ/ΥΠΟΓΟΝΙΜΟΤΗΤΑ (ΓΥΝΑΙΚΑ)
W17;ΑΙΜΟΡΡΑΓΙΑ ΜΕΤΑ ΤΟΝ ΤΟΚΕΤΟ
W18;ΣΥΜΠΤΩΜΑΤΑ/ΕΝΟΧΛΗΜΑΤΑ ΜΕΤΑ ΤΟΝ ΤΟΚΕΤΟ ΑΛΛΑ
W19;ΣΥΜΠΤΩΜΑΤΑ/ΕΝΟΧΛΗΜΑΤΑ ΜΑΣΤΟΥ/ΘΗΛΑΣΜΟΥ
W21;ΑΝΗΣΥΧΙΑ ΓΙΑ ΤΗ ΣΩΜΑΤΙΚΗ ΕΜΦΑΝΙΣΗ ΣΤΗΝ ΚΥΗΣΗ
W27;ΦΟΒΟΣ ΕΠΙΠΛΟΚΩΝ ΚΥΗΣΗΣ
W28;ΠΕΡΙΟΡΙΣΜΟΣ ΛΕΙΤΟΥΡΓΙΑΣ/ΑΝΑΠΗΡΙΑ (W)
W29;ΚΥΗΣΗΣ ΣΥΜΠΤΩΜΑΤΑ/ΕΝΟΧΛΗΜΑΤΑ ΑΛΛΑ
W70;ΕΠΙΛΟΧΕΙΑ ΛΟΙΜΩΞΗ/ΣΗΨΗ
W71;ΚΥΗΣΗΣ/ΛΟΧΕΙΑΣ ΛΟΙΜΩΔΗΣ ΕΠΙΠΛΟΚΗ ΑΛΛΗ
W72;MALIGNANT NEOPL RELATED TO PREGNANCY
W73;ΚΑΚΟΗΘΕΣ ΝΕΟΠΛΑΣΜΑ ΣΧΕΤΙΖΟΜΕΝΟ ΜΕ ΤΗΝ ΚΥΗΣΗ
W75;ΚΑΚΩΣΕΙΣ ΠΟΥ ΕΠΙΠΛΕΚΟΥΝ ΤΗΝ ΚΥΗΣΗ
W76;ΣΥΓΓΕΝΗΣ ΑΝΩΜΑΛΙΑ ΠΟΥ ΕΠΙΠΛΕΚΕΙ ΤΗΝ ΚΥΗΣΗ
W78;ΚΥΗΣΗ
W79;ΚΥΗΣΗ ΑΝΕΠΙΘΥΜΗΤΗ
W80;ΚΥΗΣΗ ΕΞΩΜΗΤΡΙΑ
W81;ΚΥΗΣΗΣ ΤΟΞΙΝΑΙΜΙΑ
W82;ΕΚΤΡΩΣΗ ΑΥΤΟΜΑΤΗ
W83;ΕΚΤΡΩΣΗ ΤΕΧΝΗΤΗ
W84;ΚΥΗΣΗ ΥΨΗΛΟΥ ΚΙΝΔΥΝΟΥ
W85;ΔΙΑΒΗΤΗΣ ΚΥΗΣΗΣ
W90;ΤΟΚΕΤΟΣ ΧΩΡΙΣ ΕΠΙΠΛΟΚΕΣ ΖΩΝΤΟΣ ΝΕΟΓΝΟΥ
W91;ΤΟΚΕΤΟΣ ΧΩΡΙΣ ΕΠΙΠΛΟΚΕΣ ΝΕΚΡΟΥ ΝΕΟΓΝΟΥ
W92;ΤΟΚΕΤΟΣ ΜΕ ΕΠΙΠΛΟΚΕΣ ΖΩΝΤΟΣ ΝΕΟΓΝΟΥ
W93;ΤΟΚΕΤΟΣ ΜΕ ΕΠΙΠΛΟΚΕΣ ΝΕΚΡΟΥ ΝΕΟΓΝΟΥ
W94;ΜΑΣΤΙΤΙΔΑ ΤΗΣ ΛΟΧΕΙΑΣ
W95;ΔΙΑΤΑΡΑΧΗ ΤΟΥ ΜΑΣΤΟΥ ΣΤΗΝ ΚΥΗΣΗ/ΛΟΧΕΙΑ ΑΛΛΗ
W96;ΕΠΙΠΛΟΚΗ ΤΗΣ ΛΟΧΕΙΑΣ ΑΛΛΗ
W99;ΚΥΗΣΗΣ/ΤΟΚΕΤΟΥ ΔΙΑΤΑΡΑΧΗ ΑΛΛΗ
X01;ΑΛΓΟΣ ΓΥΝΑΙΚΕΙΩΝ ΓΕΝΝΗΤΙΚΩΝ ΟΡΓΑΝΩΝ
X02;ΑΛΓΟΣ ΠΕΡΙΟΔΟΥ (ΕΜΜΗΝΟΡΡΥΣΙΑΣ)
X03;ΑΛΓΟΣ ΣΤΟ ΜΕΣΟΔΙΑΣΤΗΜΑ ΤΩΝ ΕΜΜΗΝΩΝ
X04;ΔΥΣΠΑΡΕΥΝΙΑ ΓΥΝΑΙΚΑΣ
X05;ΑΜΗΝΟΡΡΟΙΑ/ΟΛΙΓΟΜΗΝΟΡΡΟΙΑ
X06;ΕΜΜΗΝΟΡΡΥΣΙΑ ΥΠΕΡΒΟΛΙΚΗ
X07;ΠΕΡΙΟΔΟΣ ΑΚΑΝΟΝΙΣΤΗ/ΣΥΧΝΗ
X08;ΑΙΜΟΡΡΑΓΙΕΣ ΣΤΟ ΜΕΣΟΔΙΑΣΤΗΜΑ ΤΩΝ ΕΜΜΗΝΩΝ
X09;ΠΡΟΕΜΜΗΝΟΡΡΥΣΙΑΚΟ ΣΥΜΠΤΩΜΑ/ΕΝΟΧΛΗΜΑ
X10;ΕΜΜΗΝΟΡΡΥΣΙΑΣ ΜΕΤΑΘΕΣΗ
X11;ΕΜΜΗΝΟΠΑΥΣΗΣ ΣΥΜΠΤΩΜΑ/ΕΝΟΧΛΗΜΑ
X12;ΜΕΤΕΜΜΗΝΟΠΑΥΣΙΑΚΗ ΑΙΜΟΡΡΑΓΙΑ
X13;ΜΕΤΑΣΥΝΟΥΣΙΑΚΗ ΑΙΜΟΡΡΑΓΙΑ
X14;ΚΟΛΠΙΚΗ ΕΚΚΡΙΣΗ
X15;ΚΟΛΠΟΥ ΣΥΜΠΤΩΜΑ/ΕΝΟΧΛΗΜΑ ΑΛΛΟ
X16;ΑΙΔΟΙΟΥ ΣΥΜΠΤΩΜΑ/ΕΝΟΧΛΗΜΑ
X17;ΠΥΕΛΟΥ ΓΥΝΑΙΚΑΣ ΣΥΜΠΤΩΜΑ/ΕΝΟΧΛΗΜΑ
X18;ΑΛΓΟΣ ΜΑΣΤΟΥ ΓΥΝΑΙΚΑΣ
X19;ΜΑΣΤΟΥ ΔΙΟΓΚΩΣΗ/ΟΓΚΟΣ
X20;ΘΗΛΗΣ ΓΥΝΑΙΚΑΣ ΣΥΜΠΤΩΜΑ/ΕΝΟΧΛΗΜΑ
X21;ΜΑΣΤΟΥ ΓΥΝΑΙΚΑΣ ΣΥΜΠΤΩΜΑ/ΕΝΟΧΛΗΜΑ ΑΛΛΟ
X22;ΑΝΗΣΥΧΙΑ ΓΙΑ ΤΗΝ ΕΜΦΑΝΙΣΗ ΓΥΝΑΙΚΕΙΩΝ ΜΑΣΤΩΝ
X23;ΦΟΒΟΣ ΣΕΞΟΥΑΛΙΚΩΣ ΜΕΤΑΔΙΔ.ΝΟΣΗΜΑΤΩΝ ΓΥΝΑΙΚΑΣ
X24;ΦΟΒΟΣ ΣΕΞΟΥΑΛΙΚΗΣ ΔΥΣΛΕΙΤΟΥΡΓΙΑΣ ΓΥΝΑΙΚΑΣ
X25;ΦΟΒΟΣ ΚΑΡΚΙΝΟΥ ΓΥΝΑΙΚΕΙΩΝ ΓΕΝΝΗΤΙΚΩΝ ΟΡΓΑΝΩΝ
X26;ΦΟΒΟΣ ΚΑΡΚΙΝΟΥ ΤΟΥ ΓΥΝΑΙΚΕΙΟΥ ΜΑΣΤΟΥ
X27;ΦΟΒΟΣ ΝΟΣΗΜΑΤΟΣ ΓΥΝΑΙΚΕΙΟΥ ΓΕΝΝΗΤ.ΣΥΣΤ.ΑΛΛΟΥ
X28;ΠΕΡΙΟΡΙΣΜΟΣ ΛΕΙΤΟΥΡΓΙΑΣ/ΑΝΑΠΗΡΙΑ (X)
X29;ΓΕΝΝΗΤ.ΣΥΣΤΗΜ.ΓΥΝΑΙΚΑΣ ΣΥΜΠΤΩΜΑ/ΕΝΟΧΛΗΜΑ ΑΛΛΟ
X70;ΣΥΦΙΛΗ ΓΥΝΑΙΚΑΣ
X71;ΒΛΕΝΟΡΡΟΙΑ ΓΥΝΑΙΚΑΣ
X72;ΚΑΝΤΙΝΤΙΑΣΗ ΓΕΝΝΗΤΙΚΟΥ ΣΥΣΤΗΜΑΤΟΣ ΓΥΝΑΙΚΑΣ
X73;ΤΡΙΧΟΜΟΝΑΔΩΣΗ ΓΕΝΝΗΤΙΚΟΥ ΣΥΣΤΗΜΑΤΟΣ ΓΥΝΑΙΚΑΣ
X74;ΦΛΕΓΜΟΝΩΔΗΣ ΝΟΣΟΣ ΠΥΕΛΟΥ
X75;ΚΑΚΟΗΘΕΣ ΝΕΟΠΛΑΣΜΑ ΤΡΑΧΗΛΟΥ
X76;ΚΑΚΟΗΘΕΣ ΝΕΟΠΛΑΣΜΑ ΓΥΝΑΙΚΕΙΟΥ ΜΑΣΤΟΥ
X77;ΚΑΚΟΗΘΕΣ ΝΕΟΠΛΑΣΜΑ ΓΥΝΑΙΚΕΙΟΥ ΓΕΝΝΗΤ.ΣΥΣΤ.ΑΛΛ
X78;ΙΝΟΜΥΩΜΑ ΜΗΤΡΑΣ
X79;ΚΑΛΟΗΘΕΣ ΝΕΟΠΛΑΣΜΑ ΓΥΝΑΙΚΕΙΟΥ ΜΑΣΤΟΥ
X80;ΚΑΛΟΗΘΕΣ ΝΕΟΠΛΑΣΜΑ ΓΥΝΑΙΚΕΙΟΥ ΓΕΝΝΗΤ.ΣΥΣΤ.ΑΛΛ
X81;ΝΕΟΠΛΑΣΜΑ ΓΥΝΑΙΚΕΙΟΥ ΓΕΝΝ.ΣΥΣΤ.ΑΛΛΟ/ΜΗ ΚΑΘΟΡ.
X82;ΚΑΚΩΣΗ ΓΕΝΝΗΤΙΚΟΥ ΣΥΣΤΗΜΑΤΟΣ ΓΥΝΑΙΚΑΣ
X83;ΣΥΓΓΕΝΗΣ ΑΝΩΜΑΛΙΑ ΓΕΝΝΗΤ.ΣΥΣΤΗΜΑΤΟΣ ΓΥΝΑΙΚΑΣ
X84;ΚΟΛΠΙΤΙΔΑ/ΑΙΔΟΙΙΤΙΔΑ ΜΚΑ
X85;ΤΡΑΧΗΛΟΥ ΝΟΣΟΣ ΜΚΑ
X86;PAP TEST ΠΑΘΟΛΟΓΙΚΟ
X87;ΜΗΤΡΟΚΟΛΠΙΚΗ ΠΡΟΠΤΩΣΗ
X88;ΙΝΟΚΥΣΤΙΚΗ ΝΟΣΟΣ ΜΑΣΤΟΥ
X89;ΠΡΟΕΜΜΗΝΟΡΥΣΙΑΚΟ ΣΥΝΔΡΟΜΟ
X90;ΕΡΠΗΣ ΓΥΝΑΙΚΕΙΩΝ ΓΕΝΝΗΤΙΚΩΝ ΟΡΓΑΝΩΝ
X91;ΚΟΝΔΥΛΩΜΑ ΓΥΝΑΙΚΑΣ ΟΞΥΤΕΝΕΣ
X92;ΛΟΙΜΩΞΗ ΓΕΝΝΗΤ.ΣΥΣΤΗΜ.ΓΥΝΑΙΚΑΣ ΜΕ ΧΛΑΜΥΔΙΑ
X99;ΓΕΝΝΗΤΙΚΟΥ ΣΥΣΤΗΜΑΤΟΣ ΓΥΝΑΙΚΑΣ ΝΟΣΟΣ ΑΛΛΗ
Y01;ΑΛΓΟΣ ΠΕΟΥΣ
Y02;ΑΛΓΟΣ ΟΡΧΗ/ΟΣΧΕΟΥ
Y03;ΟΥΡΗΘΡΙΚΗ ΕΚΚΡΙΣΗ ΑΝΔΡΑ
Y04;ΠΕΟΥΣ ΣΥΜΤΩΜΑ/ΕΝΟΧΛΗΜΑ ΑΛΛΟ
Y05;ΟΣΧΕΟΥ/ΟΡΗ ΣΥΜΠΤΩΜΑ/ΕΝΟΧΛΗΜΑ ΑΛΛΟ
Y06;ΠΡΟΣΤΑΤΗ ΣΥΜΠΤΩΜΑ/ΕΝΟΧΛΗΜΑ
Y07;ΣΕΞΟΥΑΛΙΚΗ ΑΝΙΚΑΝΟΤΗΤΑ ΜΚΑ
Y08;ΣΕΞΟΥΑΛ.ΛΕΙΤΟΥΡΓΙΑΣ ΑΝΔΡΑ ΣΥΜΠΤ/ΕΝΟΧΛΗΜΑ ΑΛΛΟ
Y10;ΣΤΕΙΡΟΤΗΤΑ/ΥΠΟΓΕΝΝΗΤΙΚΟΤΗΤΑ ΑΝΔΡΑ
Y13;ΣΤΕΙΡΩΣΗ ΑΝΔΡΑ
Y14;ΟΙΚΟΓΕΝΕΙΑΚΟΣ ΠΡΟΓΡ/ΣΜΟΣ ΑΛΛΟΥ ΕΙΔΟΥΣ (ΑΝΔΡΑ)
Y16;ΑΝΔΡΙΚΟΥ ΜΑΣΤΟΥ ΣΥΜΤΩΜΑ/ΕΝΟΧΛΗΜΑ
Y24;ΦΟΒΟΣ ΣΕΞΟΥΑΛΙΚΗΣ ΔΥΣΛΕΙΤΟΥΡΓΙΑΣ ΑΝΔΡΑ
Y25;ΦΟΒΟΣ ΣΕΞΟΥΑΛΙΚΩΣ ΜΕΤΑΔΙΔ.ΝΟΣΗΜΑΤΩΝ ΑΝΔΡΑ
Y26;ΦΟΒΟΣ ΚΑΡΚΙΝΟΥ ΓΕΝΝΗΤΙΚΟΥ ΣΥΣΤΗΜΑΤΟΣ ΑΝΔΡΑ
Y27;ΦΟΒΟΣ ΝΟΣΟΥ ΑΝΔΡΙΚΟΥ ΓΕΝΝΗΤ.ΣΥΣΤΗΜΑΤΟΣ ΑΛΛΗΣ
Y28;ΠΕΡΙΟΡΙΣΜΟΣ ΛΕΙΤΟΥΡΓΙΑΣ/ΑΝΑΠΗΡΙΑ (Y)
Y29;ΓΕΝΝΗΤ.ΣΥΣΤΗΜ.ΑΝΔΡΑ ΣΥΜΠΤΩΜΑ/ΕΝΟΧΛΗΜΑ ΑΛΛΟ
Y70;ΣΥΦΙΛΗ ΑΝΔΡΑ
Y71;ΒΛΕΝΟΡΡΟΙΑ ΑΝΔΡΑ
Y72;ΕΡΠΗΣ ΓΕΝΝΗΤΙΚΩΝ ΟΡΓΑΝΩΝ ΑΝΔΡΑ
Y73;ΠΡΟΣΤΑΤΙΤΙΔΑ/ΦΛΕΓΜΟΝΗ ΣΠΕΡΜΑΤΟΔΟΧΩΝ ΚΥΣΤΕΩΝ
Y74;ΟΡΧΙΤΙΔΑ/ΕΠΙΔΙΔΥΜΙΤΙΔΑ
Y75;ΒΑΛΑΝΙΤΙΔΑ
Y76;ΚΟΝΔΥΛΩΜΑΤΑ ΑΝΔΡΑ ΟΞΥΤΕΝΗ
Y77;ΚΑΚΟΗΘΕΣ ΝΕΟΠΛΑΣΜΑ ΠΡΟΣΤΑΤΗ
Y78;ΚΑΚΟΗΘΕΣ ΝΕΟΠΛΑΣΜΑ ΓΕΝΝΗΤ.ΣΥΣΤ.ΑΝΔΡΑ ΑΛΛΟ
Y79;ΚΑΛΟΗΘΕΣ/ΜΗ ΚΑΘΟΡ.ΝΕΟΠΛΑΣΜΑ ΓΕΝΝ.ΣΥΣΤ.ΑΝΔΡΑ
Y80;ΚΑΚΩΣΗ ΓΕΝΝΗΤΙΚΟΥ ΣΥΣΤΗΜΑΤΟΣ ΑΝΔΡΑ
Y81;ΦΥΜΩΣΗ/ΥΠΕΡΤΡΟΦΙΑ ΑΚΡΟΠΟΣΘΙΑΣ
Y82;ΥΠΟΣΠΑΔΙΑΣ
Y83;ΚΡΥΨΟΡΧΙΑ
Y84;ΓΕΝΝΗΤ.ΣΥΣΤΗΜ.ΑΝΔΡΑ ΑΛΛΗ ΣΥΓΓΕΝΗΣ ΑΝΩΜΑΛΙΑ
Y85;ΚΑΛΟΗΘΗΣ ΥΠΕΡΤΡΟΦΙΑ ΠΡΟΣΤΑΤΗ
Y86;ΥΔΡΟΚΗΛΗ
Y99;ΓΕΝΝΗΤΙΚΟΥ ΣΥΣΤΗΜΑΤΟΣ ΑΝΔΡΑ ΑΛΛΗ ΝΟΣΟΣ
Z01;ΠΡΟΒΛΗΜΑ ΦΤΩΧΕΙΑΣ/ΟΙΚΟΝΟΜΙΚΟ
Z02;ΠΡΟΒΛΗΜΑ ΔΙΑΤΡΟΦΗΣ/ΝΕΡΟΥ
Z03;ΠΡΟΒΛΗΜΑ ΚΑΤΟΙΚΙΑΣ/ΓΕΙΤΟΝΙΑΣ
Z04;ΠΡΟΒΛΗΜΑ ΚΟΙΝΩΝΙΚΟ/ΠΟΛΙΤΙΣΤΙΚΟ
Z05;ΠΡΟΒΛΗΜΑ ΣΤΗΝ ΕΡΓΑΣΙΑ
Z06;ΠΡΟΒΛΗΜΑ ΑΝΕΡΓΙΑΣ
Z07;ΠΡΟΒΛΗΜΑ ΕΚΠΑΙΔΕΥΣΗΣ
Z08;ΠΡΟΒΛΗΜΑ ΚΟΙΝΩΝΙΚΗΣ ΠΡΟΝΟΙΑΣ
Z09;ΠΡΟΒΛΗΜΑ ΝΟΜΙΚΟ
Z10;ΠΡΟΒΛΗΜΑ ΛΟΓΩ ΣΥΣΤΗΜΑΤΟΣ ΥΓΕΙΑΣ
Z11;ΠΡΟΒΛΗΜΑ ΣΥΜΜΟΡΦΩΣΗΣ/ΑΣΘΕΝΕΙΑΣ
Z12;ΠΡΟΒΛΗΜΑ ΣΧΕΣΗΣ ΜΕ ΤΟΝ/ΤΗΝ ΣΥΝΤΡΟΦΟ
Z13;ΠΡΟΒΛΗΜΑ ΣΥΜΠΕΡΙΦΟΡΑΣ ΣΥΝΤΡΟΦΟΥ
Z14;ΠΡΟΒΛΗΜΑ ΑΣΘΕΝΕΙΑΣ ΣΥΝΤΡΟΦΟΥ
Z15;ΠΡΟΒΛΗΜΑ ΑΠΩΛΕΙΑΣ/ΘΑΝΑΤΟΥ ΣΥΝΤΡΟΦΟΥ
Z16;ΠΡΟΒΛΗΜΑ ΣΧΕΣΗΣ ΜΕ ΤΟ ΠΑΙΔΙ
Z18;ΠΡΟΒΛΗΜΑ ΑΣΘΕΝΕΙΑΣ ΠΑΙΔΙΟΥ
Z19;ΠΡΟΒΛΗΜΑ ΑΠΩΛΕΙΑΣ/ΘΑΝΑΤΟΥ ΠΑΙΔΙΟΥ
Z20;ΠΡΟΒΛΗΜΑ ΣΧΕΣΗΣ ΜΕ ΓΟΝΕΑ/ΟΙΚΟΓΕΝΕΙΑ
Z21;ΠΡΟΒΛΗΜΑ ΣΥΜΠΕΡΙΦΟΤΑΣ ΓΟΝΕΑ/ΟΙΚΟΓΕΝΕΙΑΣ
Z22;ΠΡΟΒΛΗΜΑ ΑΣΘΕΝΕΙΑΣ ΓΟΝΕΑ/ΟΙΚΟΓΕΝΕΙΑΣ
Z23;ΑΠΩΛΕΙΑ/ΘΑΝΑΤΟΣ ΓΟΝΕΑ/ΜΕΛΟΥΣ ΟΙΚΟΓΕΝΕΙΑΣ
Z24;ΠΡΟΒΛΗΜΑ ΣΧΕΣΕΩΝ ΜΕ ΤΟΥΣ ΦΙΛΟΥΣ
Z25;ΠΡΟΒΛΗΜΑ ΛΟΓΩ ΕΠΙΘΕΣΗΣ/ΕΠΙΒΛΑΒΟΥΣ ΓΕΓΟΝΟΤΟΣ
Z27;ΦΟΒΟΣ ΕΝΟΣ ΚΟΙΝΩΝΙΚΟΥ ΠΡΟΒΛΗΜΑΤΟΣ
Z28;ΠΕΡΙΟΡΙΣΜΟΣ ΛΕΙΤΟΥΡΓΙΑΣ/ΑΝΑΠΗΡΙΑ (Z)
Z29;ΚΟΙΝΩΝΙΚΟ ΠΡΟΒΛΗΜΑ ΑΛΛΟ ΜΚΑ
