Α01Μ;Μείζονες επεμβάσεις θώρακος με καταστροφικές (συστηματικές)  συνυπάρχουσες παθήσεις- επιπλοκές;4274;15
Α01Χ;Μείζονες επεμβάσεις θώρακος χωρίς καταστροφικές (συστηματικές)  συνυπάρχουσες παθήσεις- επιπλοκές;2465;7
Α02Μα;Άλλες χειρουργικές επεμβάσεις του αναπνευστικού με καταστροφικές (συστηματικές)  συνυπάρχουσες παθήσεις- επιπλοκές;3565;16
Α02Μβ;Άλλες χειρουργικές επεμβάσεις του αναπνευστικού με σοβαρές ή μέτριας βαρύτητας συνυπάρχουσες παθήσεις - επιπλοκές;1450;5
Α02Χ;Άλλες χειρουργικές επεμβάσεις του αναπνευστικού χωρίς συνυπάρχουσες παθήσεις - επιπλοκές;621;1
Α10Μ;Πάθηση του αναπνευστικού συστήματος με μηχανική υποστήριξη αναπνοής με καταστροφικές (συστηματικές) συνυπάρχουσες παθήσεις - επιπλοκές;5241;12
Α10Χ;Πάθηση του αναπνευστικού συστήματος με μηχανική υποστήριξη αναπνοής χωρίς καταστροφικές (συστηματικές) συνυπάρχουσες παθήσεις - επιπλοκές;4019;8
Α11Χ;Πάθηση του αναπνευστικού συστήματος με μη επεμβατικό αερισμό;3304;12
Α12Α;Βρογχοσκόπηση, ημερήσια νοσηλεία;240;1
Α12Μ;Βρογχοσκόπηση σε καταστροφικές (συστηματικές) συνυπάρχουσες παθήσεις - επιπλοκές;1500;10
Α12Χ;Βρογχοσκόπηση σε παθήσεις χωρίς καταστροφικές (συστηματικές) συνέπειες - επιπλοκές;1000;7
Α20Μ;Κυστική ίνωση με καταστροφικές (συστηματικές) ή σοβαρές συνυπάρχουσες παθήσεις - επιπλοκές;3360;13
Α20Χ;Κυστική ίνωση χωρίς καταστροφικές (συστηματικές) ή σοβαρές συνυπάρχουσες παθήσεις - επιπλοκές;1500;8
Α21Μ;Πνευμονική εμβολή με καταστροφικές (συστηματικές) συνυπάρχουσες παθήσεις - επιπλοκές;1988;11
Α21Χ;Πνευμονική εμβολή χωρίς καταστροφικές (συστηματικές) συνυπάρχουσες παθήσεις - επιπλοκές;941;6
Α22Μα;Λοιμώξεις/φλεγμονές του αναπνευστικού με καταστροφικές (συστηματικές) συνυπάρχουσες παθήσεις - επιπλοκές;1762;10
Α22Μβ;Λοιμώξεις/φλεγμονές του αναπνευστικού με σοβαρές ή μέτριας βαρύτητας συνυπάρχουσες παθήσεις – επιπλοκές;1040;8
Α22Χ;Λοιμώξεις/φλεγμονές του αναπνευστικού χωρίς συνυπάρχουσες παθήσεις – επιπλοκές;573;5
Α23Α;Σύνδρομο άπνοιας ύπνου-Μελέτη διαταραχών ύπνου;200;1
Α24Μ;Πνευμονικό οίδημα και αναπνευστική ανεπάρκεια με καταστροφικές (συστηματικές) συνυπάρχουσες παθήσεις - επιπλοκές;1655;8
Α24Χ;Πνευμονικό οίδημα και αναπνευστική ανεπάρκεια χωρίς καταστροφικές (συστηματικές) συνυπάρχουσες παθήσεις - επιπλοκές;863;4
Α25Μ;Χρόνια αποφρακτική πνευμονοπάθεια με καταστροφικές (συστηματικές) συνυπάρχουσες παθήσεις - επιπλοκές;1446;9
Α25Χ;Χρόνια αποφρακτική πνευμονοπάθεια χωρίς καταστροφικές (συστηματικές) συνυπάρχουσες παθήσεις - επιπλοκές;863;5
Α26Μα;Μείζον τραύμα θώρακος με καταστροφικές (συστηματικές) συνυπάρχουσες παθήσεις - επιπλοκές;2243;12
Α26Μβ;Μείζον τραύμα θώρακος με σοβαρές ή μέτριας βαρύτητας συνυπάρχουσες παθήσεις – επιπλοκές;1068;5
Α26Χ;Μείζον τραύμα θώρακος χωρίς συνυπάρχουσες παθήσεις - επιπλοκές;552;3
Α27Μ;Σημεία και συμπτώματα του αναπνευστικού με καταστροφικές (συστηματικές) ή σοβαρές συνυπάρχουσες παθήσεις - επιπλοκές;785;4
Α27Χ;Σημεία και συμπτώματα του αναπνευστικού χωρίς καταστροφικές (συστηματικές) ή σοβαρές συνυπάρχουσες παθήσεις - επιπλοκές;318;2
Α28Μ;Πνευμοθώρακας με συνυπάρχουσες παθήσεις - επιπλοκές;1252;6
Α28Χ;Πνευμοθώρακας χωρίς συνυπάρχουσες παθήσεις - επιπλοκές;566;3
Α29Μ;Βρογχίτιδα και άσθμα με συνυπάρχουσες παθήσεις - επιπλοκές;792;4
Α29Χ;Βρογχίτιδα και άσθμα χωρίς συνυπάρχουσες παθήσεις - επιπλοκές;361;2
Α30Μ;Υλακώδης βήχας και οξεία βρογχιολίτιδα με συνυπάρχουσες παθήσεις - επιπλοκές;1210;5
Α30Χ;Υλακώδης βήχας και οξεία βρογχιολίτιδα χωρίς συνυπάρχουσες παθήσεις - επιπλοκές;552;2
Α31Μ;Νεοπλάσματα του αναπνευστικού με καταστροφικές (συστηματικές) συνυπάρχουσες παθήσεις - επιπλοκές;1634;9
Α31Χ;Νεοπλάσματα του αναπνευστικού χωρίς καταστροφικές (συστηματικές) συνυπάρχουσες παθήσεις - επιπλοκές;828;5
Α32Α;Αναπνευστικά προβλήματα αναδυόμενα από τη νεογνική περίοδο ;769;4
Α33Μα;Πλευριτική συλλογή με καταστροφικές (συστηματικές) συνυπάρχουσες παθήσεις - επιπλοκές;1839;10
Α33Μβ;Πλευριτική συλλογή με σοβαρές ή μέτριας βαρύτητας συνυπάρχουσες παθήσεις - επιπλοκές;948;5
Α33Χ;Πλευριτική συλλογή χωρίς συνυπάρχουσες παθήσεις - επιπλοκές;451;3
Α34Μα;Διάμεση πνευμονοπάθεια  με καταστροφικές (συστηματικές) συνυπάρχουσες παθήσεις - επιπλοκές;1797;10
Α34Μβ;Διάμεση πνευμονοπάθεια  με σοβαρές ή μέτριας βαρύτητας συνυπάρχουσες παθήσεις – επιπλοκές;1266;7
Α34Χ;Διάμεση πνευμονοπάθεια  χωρίς συνυπάρχουσες παθήσεις - επιπλοκές;580;3
Α35Μα;Άλλες παθήσεις του αναπνευστικού συστήματος με καταστροφικές (συστηματικές) συνυπάρχουσες παθήσεις - επιπλοκές;1415;8
Α35Μβ;Άλλες παθήσεις του αναπνευστικού συστήματος με σοβαρές ή μέτριας βαρύτητας συνυπάρχουσες παθήσεις – επιπλοκές;884;5
Α35Χ;Άλλες παθήσεις του αναπνευστικού συστήματος χωρίς συνυπάρχουσες παθήσεις – επιπλοκές;432;2
Α36Α;Φυματίωση του αναπνευστικού συστήματος;1800;14
Β01Μ;Μείζονες  επεμβάσεις πυέλου σε άρρενες με καταστροφικές (συστηματικές) ή σοβαρές συνυπάρχουσες παθήσεις – επιπλοκές;3230;8
Β01Χ;Μείζονες  επεμβάσεις πυέλου σε άρρενες χωρίς καταστροφικές (συστηματικές) ή σοβαρές συνυπάρχουσες παθήσεις – επιπλοκές;2492;4
Β02Μ;Διουρηθρική προστατεκτομή με καταστροφικές (συστηματικές) ή σοβαρές συνυπάρχουσες παθήσεις - επιπλοκές;1406;7
Β02Χ;Διουρηθρική προστατεκτομή χωρίς καταστροφικές (συστηματικές) ή σοβαρές συνυπάρχουσες παθήσεις - επιπλοκές;1007;3
Β03Α;Επεμβάσεις πέους ;400;2
Β03Μ;Επεμβάσεις Πέους με χρήση προσθετικών;3000;4
Β04Α;Επεμβάσεις όρχεων (π.χ. κιρσοκήλη, υδροκήλη, ορχεκτομή) ;300;1
Β05Α;Περιτομή;400;1
Β06Μ;Άλλες χειρουργικές επεμβάσεις του ανδρικού αναπαραγωγικού συστήματος με συνυπάρχουσες παθήσεις - επιπλοκές;1212;6
Β06Χ;Άλλες χειρουργικές επεμβάσεις του ανδρικού αναπαραγωγικού συστήματος χωρίς συνυπάρχουσες παθήσεις - επιπλοκές;919;2
Β10Α;Ουρηθροκυστεοσκόπηση για παθήσεις ανδρικού αναπαραγωγικού συστήματος, ημερήσια νοσηλεία;217;1
Β20Μ;Κακοήθεια του ανδρικού αναπαραγωγικού συστήματος με καταστροφικές (συστηματικές) ή σοβαρές συνυπάρχουσες παθήσεις - επιπλοκές;1169;7
Β20Χ;Κακοήθεια του ανδρικού αναπαραγωγικού συστήματος χωρίς καταστροφικές (συστηματικές) ή σοβαρές συνυπάρχουσες παθήσεις - επιπλοκές;750;2
Β21Α;Καλοήθης υπερτροφία προστάτη;459;2
Β22Α;Φλεγμονή του ανδρικού αναπαραγωγικού συστήματος;527;3
Β23Α;Ανδρική στείρωση;289;1
Β24Α;Άλλες παθήσεις του ανδρικού αναπαραγωγικού συστήματος;296;1
Γ01Α;Πυελική εξεντέρωση και ριζική αιδοιεκτομή;2964;8
Γ04Μ;Υστερεκτομή για μη κακοήθεια με καταστροφικές (συστηματικές) ή σοβαρές συνυπάρχουσες παθήσεις - επιπλοκές;1800;6
Γ04Χ;Υστερεκτομή για μη κακοήθεια χωρίς καταστροφικές (συστηματικές) ή σοβαρές συνυπάρχουσες παθήσεις - επιπλοκές;998;4
Γ05Μ;Ωοθηκεκτομή και σύνθετες επεμβάσεις σαλπίγγων για μη κακοήθεια με καταστροφικές (συστηματικές) ή σοβαρές συνυπάρχουσες παθήσεις - επιπλοκές;1952;6
Γ05Χ;Ωοθηκεκτομή και σύνθετες επεμβάσεις σαλπίγγων για μη κακοήθεια χωρίς καταστροφικές (συστηματικές) ή σοβαρές συνυπάρχουσες παθήσεις - επιπλοκές;1140;2
Γ06Μ;Επανορθωτικές επεμβάσεις γυναικείου αναπαραγωγικού συστήματος με καταστροφικές (συστηματικές) ή σοβαρές συνυπάρχουσες παθήσεις - επιπλοκές;1499;4
Γ06Χ;Επανορθωτικές επεμβάσεις γυναικείου αναπαραγωγικού συστήματος χωρίς καταστροφικές (συστηματικές) ή σοβαρές συνυπάρχουσες παθήσεις - επιπλοκές;1149;3
Γ07Α;Άλλες επεμβάσεις μήτρας και εξαρτημάτων για μη κακοήθεια;683;2
Γ08Α;Ενδοσκοπικές και λαπαροσκοπικές επεμβάσεις γυναικείου αναπαραγωγικού συστήματος;603;1
Γ09Α;Κωνοειδής εκτομή τραχήλου μήτρας, και επεμβάσεις κόλπου, τραχήλου μήτρας και αιδοίου;402;2
Γ10Α;Διαγνωστική απόξεση ή διαγνωστική υστεροσκόπηση;296;1
Γ11Α;Άλλες χειρουργικές επεμβάσεις του γυναικείου αναπαραγωγικού συστήματος;729;3
Γ12Μ;Επεμβάσεις μήτρας και εξαρτημάτων για κακοήθεια  με καταστροφικές (συστηματικές) συνυπάρχουσες παθήσεις - επιπλοκές;3251;9
Γ12Χ;Επεμβάσεις μήτρας και εξαρτημάτων για κακοήθεια  χωρίς καταστροφικές (συστηματικές) συνυπάρχουσες παθήσεις - επιπλοκές;1784;4
Γ20Μ;Κακοήθεια γυναικείου αναπαραγωγικού συστήματος με καταστροφικές (συστηματικές) συνυπάρχουσες παθήσεις - επιπλοκές;1790;9
Γ20Χ;Κακοήθεια γυναικείου αναπαραγωγικού συστήματος χωρίς καταστροφικές (συστηματικές) συνυπάρχουσες παθήσεις - επιπλοκές;1100;4
Γ21Α;Λοιμώξεις γυναικείου αναπαραγωγικού συστήματος;343;3
Γ22Α;Διαταραχές εμμήνου ρύσης και άλλες διαταραχές του γυναικείου αναπαραγωγικού συστήματος;200;1
Δ01Μ;Μεταφορά μικροαγγειακού ιστού για παθήσεις - ελλείμματα δέρματος, υποδορίου ιστού και μαστού με καταστροφικές (συστηματικές) ή σοβαρές συνυπάρχουσες παθήσεις – επιπλοκές;5297;13
Δ01Χ;Μεταφορά μικροαγγειακού ιστού για παθήσεις - ελλείμματα δέρματος, υποδορίου ιστού και μαστού χωρίς καταστροφικές (συστηματικές) ή σοβαρές συνυπάρχουσες παθήσεις – επιπλοκές;5865;8
Δ06Α;Μείζονες επεμβάσεις για παθήσεις μαστού;1380;3
Δ07Α;Ελάσσονες επεμβάσεις για παθήσεις μαστού;600;2
Δ08Μ;Άλλες επεμβάσεις για δερματικό μόσχευμα και/ή χειρουργικό καθαρισμό με συνυπάρχουσες παθήσεις – επιπλοκές;2086;10
Δ08Χ;Άλλες επεμβάσεις για δερματικό μόσχευμα και/ή χειρουργικό καθαρισμό χωρίς συνυπάρχουσες παθήσεις – επιπλοκές;719;2
Δ09Α;Επεμβάσεις περιπρωκτικών και δερμοειδών παθήσεων (κύστης, συριγγίου, αποστήματος κλπ);626;2
Δ10Α;Χειρουργικές επεμβάσεις πλαστικής δέρματος, υποδορίου ιστού και μαστού;611;2
Δ11Α;Άλλες επεμβάσεις δέρματος, υποδορίου ιστού και μαστού;367;1
Δ12Μ;Επεμβάσεις στα κάτω άκρα με έλκος/κυτταρίτιδα, με καταστροφικές (συστηματικές) συνυπάρχουσες παθήσεις - επιπλοκές;4429;20
Δ12Χα;Επεμβάσεις στα κάτω άκρα με έλκος/κυτταρίτιδα, χωρίς καταστροφικές (συστηματικές) συνυπάρχουσες παθήσεις - επιπλοκές με αποκατάσταση με δερματικό μόσχευμα/κρημνό;2816;13
Δ12Χβ;Επεμβάσεις στα κάτω άκρα με έλκος/κυτταρίτιδα χωρίς καταστροφικές (συστηματικές) συνυπάρχουσες παθήσεις - επιπλοκές χωρίς αποκατάσταση με δερματικό μόσχευμα/κρημνό;1613;8
Δ13Μ;Επεμβάσεις στα κάτω άκρα χωρίς έλκος/κυτταρίτιδα με καταστροφικές (συστηματικές) συνυπάρχουσες παθήσεις - επιπλοκές ή με (αποκατάσταση με δερματικό μόσχευμα/κρημνό);2514;12
Δ13Χ;Επεμβάσεις στα κάτω άκρα χωρίς έλκος/κυτταρίτιδα χωρίς καταστροφικές (συστηματικές) συνυπάρχουσες παθήσεις - επιπλοκές, χωρίς (αποκατάσταση με δερματικό μόσχευμα/κρημνό);915;4
Δ14Α;Μείζων πλαστική αποκατάσταση μαστού;3834;8
Δ20Α;Δερματικά έλκη, ημερήσια νοσηλεία;171;1
Δ20Μ;Δερματικά έλκη με καταστροφικές (συστηματικές) συνυπάρχουσες παθήσεις - επιπλοκές;2669;16
Δ20Χ;Δερματικά έλκη χωρίς καταστροφικές (συστηματικές) συνυπάρχουσες παθήσεις - επιπλοκές;1471;9
Δ22Μ;Κακοήθεις παθήσεις του μαστού  με συνυπάρχουσες παθήσεις - επιπλοκές;965;5
Δ22Χ;Κακοήθεις παθήσεις του μαστού χωρίς συνυπάρχουσες παθήσεις - επιπλοκές;625;2
Δ23Μ;Μη-κακοήθεις παθήσεις του μαστού με συνυπάρχουσες παθήσεις - επιπλοκές;965;5
Δ23Χ;Μη-κακοήθεις παθήσεις του μαστού χωρίς συνυπάρχουσες παθήσεις - επιπλοκές;296;2
Δ24Μ;Κυτταρίτιδα με καταστροφικές (συστηματικές) ή σοβαρές συνυπάρχουσες παθήσεις - επιπλοκές;1116;9
Δ24Χ;Κυτταρίτιδα χωρίς καταστροφικές (συστηματικές) ή σοβαρές συνυπάρχουσες παθήσεις - επιπλοκές;802;4
Δ25Μ;Τραύμα στο δέρμα, υποδόριο ιστό και μαστό με καταστροφικές (συστηματικές) ή σοβαρές συνυπάρχουσες παθήσεις - επιπλοκές ;1105;6
Δ25Χ;Τραύμα στο δέρμα, υποδόριο ιστό και μαστό χωρίς καταστροφικές (συστηματικές) ή σοβαρές συνυπάρχουσες παθήσεις - επιπλοκές ;350;2
Δ27Μ;Ελάσσονες βλάβες  του δέρματος;708;3
Δ27Χ;Ελάσσονες βλάβες του δέρματος, ημερήσια νοσηλεία;150;1
Δ28Α;Μείζονες βλάβες του δέρματος, ημερήσια νοσηλεία;164;1
Δ28Μα;Μείζονες βλάβες του δέρματος  με καταστροφικές (συστηματικές) ή σοβαρές συνυπάρχουσες παθήσεις - επιπλοκές ;1880;10
Δ28Μβ;Μείζονες βλάβες του δέρματος  με καταστροφικές ή σοβαρές συνυπάρχουσες παθήσεις - επιπλοκές μακράς διάρκειας;4400;30
Δ28Χ;Μείζονες βλάβες του δέρματος χωρίς καταστροφικές (συστηματικές) ή σοβαρές συνυπάρχουσες παθήσεις - επιπλοκές ;965;4
Δ29Α;Κακοήθεια του δέρματος, ημερήσια νοσηλεία;161;1
Δ29Μ;Κακοήθεια του δέρματος με καταστροφικές (συστηματικές) συνυπάρχουσες παθήσεις - επιπλοκές ;2171;11
Δ29Χ;Κακοήθεια του δέρματος χωρίς καταστροφικές (συστηματικές) συνυπάρχουσες παθήσεις - επιπλοκές ;1377;7
Ε01Α;Μεταμόσχευση ήπατος;28900;26
Ε03Α;Μεταμόσχευση καρδιάς-πνευμόνων;50400;35
Ε04Α;Μεταμόσχευση πνευμόνων;30000;20
Ε05Α;Μεταμόσχευση Καρδιάς ;34000;40
Ε06Μ;Τραχειοστομία με μηχανική υποστήριξη αναπνοής > 95 ώρες με καταστροφικές (συστηματικές) συνυπάρχουσες  παθήσεις-επιπλοκές;20000;47
Ε06Χα;Τραχειοστομία με μηχανική υποστήριξη αναπνοής > 95 ώρες χωρίς καταστροφικές (συστηματικές) συνυπάρχουσες  παθήσεις-επιπλοκές ή τραχειοστομία/(ή)μηχανική υποστήριξη αναπνοής > 95 ώρες με καταστροφικές (συστηματικές) συνυπάρχουσες  παθήσεις-επιπλοκές;12000;25
Ε06Χβ;Μηχανική υποστήριξη αναπνοής > 95 ώρες χωρίς καταστροφικές (συστηματικές) συνυπάρχουσες παθήσεις-επιπλοκές;8000;16
Ε06Χγ;Τραχειοστομία χωρίς καταστροφικές (συστηματικές) συνυπάρχουσες παθήσεις-επιπλοκές;4000;15
Ε07Α;Αλλογενής μεταμόσχευση μυελού οστών;17137;34
Ε08Μ;Αυτόλογη μεταμόσχευση μυελού οστών με καταστροφικές (συστηματικές) συνυπάρχουσες παθήσεις- επιπλοκές;8384;24
Ε08Χ;Αυτόλογη μεταμόσχευση μυελού οστών χωρίς καταστροφικές (συστηματικές) συνυπάρχουσες παθήσεις- επιπλοκές;3054;10
Ε09Α;Μεταμόσχευση παγκρέατος;9733;15
Ε09Μ;Μεταμόσχευση νεφρού με μεταμόσχευση παγκρέατος ;15000;16
Ε09Χ;Μεταμόσχευση νεφρού χωρίς μεταμόσχευση παγκρέατος ;9000;8
Ε10Α;Εμφύτευση συσκευών κοιλιακής υποβοήθησης;55695;54
Ε11Μ;Εισαγωγή εμφυτεύσιμης συσκευής έγχυσης στη σπονδυλική στήλη με καταστροφικές (συστηματικές) συνυπάρχουσες παθήσεις- επιπλοκές;6655;15
Ε11Χ;Εισαγωγή εμφυτεύσιμης συσκευής έγχυσης στη σπονδυλική στήλη χωρίς καταστροφικές (συστηματικές) συνυπάρχουσες παθήσεις- επιπλοκές;3320;6
Ε12Α;Εισαγωγή συσκευής νευροδιέγερσης;2990;3
Ε20Α;Αξιολόγηση ασθενούς για μεταμόσχευση (ημερήσιο κόστος μέχρι τις ημέρες της ΜΔΝ);300;3
Ζ01Α;Μηχανική υποστήριξη αναπνοής σε εγκαύματα και σοβαρά ολικού πάχους εγκαύματα;23712;38
Ζ02Μ;Άλλα εγκαύματα με δερματικό μόσχευμα με συνυπάρχουσες παθήσεις-επιπλοκές;6157;18
Ζ02Χ;Άλλα εγκαύματα με δερματικό μόσχευμα χωρίς συνυπάρχουσες παθήσεις-επιπλοκές;1525;6
Ζ03Α;Άλλες χειρουργικές επεμβάσεις για άλλα εγκαύματα  ;2312;5
Ζ20Α;Εγκαύματα, ασθενής που διακομίστηκε σε άλλο νοσοκομείο οξείας φροντίδας σε < 5 ημέρες ;241;1
Ζ21Α;Σοβαρά εγκαύματα;848;4
Ζ22Μ;Άλλα εγκαύματα με συνυπάρχουσες παθήσεις – επιπλοκές;1167;6
Ζ22Χ;Άλλα εγκαύματα χωρίς συνυπάρχουσες παθήσεις – επιπλοκές;397;2
Η01Μ;Επεμβάσεις παγκρέατος, ήπατος και αναστόμωση με καταστροφικές (συστηματικές)  συνυπάρχουσες παθήσεις - επιπλοκές;5296;17
Η01Χ;Επεμβάσεις παγκρέατος, ήπατος και αναστόμωση χωρίς καταστροφικές (συστηματικές)  συνυπάρχουσες παθήσεις - επιπλοκές;3119;7
Η02Μα;Μείζονες επεμβάσεις των χοληφόρων με καταστροφικές (συστηματικές)  συνυπάρχουσες παθήσεις - επιπλοκές;4646;12
Η02Μβ;Μείζονες επεμβάσεις των χοληφόρων με σοβαρές  συνυπάρχουσες παθήσεις - επιπλοκές;4646;12
Η02Χ;Μείζονες επεμβάσεις των χοληφόρων χωρίς καταστροφικές (συστηματικές) ή σοβαρές  συνυπάρχουσες παθήσεις - επιπλοκές;1890;6
Η05Μ;Διαγνωστικές ηπατοχολικές επεμβάσεις με καταστροφικές (συστηματικές)  συνυπάρχουσες παθήσεις - επιπλοκές;4121;14
Η05Χ;Διαγνωστικές ηπατοχολικές επεμβάσεις χωρίς καταστροφικές (συστηματικές)  συνυπάρχουσες παθήσεις - επιπλοκές;1267;4
Η06Μ;Άλλες χειρουργικές ηπατοχολικές  επεμβάσεις και επεμβάσεις  παγκρέατος με καταστροφικές (συστηματικές)  συνυπάρχουσες παθήσεις - επιπλοκές;3565;14
Η06Χ;Άλλες χειρουργικές ηπατοχολικές επεμβάσεις και επεμβάσεις παγκρέατος χωρίς καταστροφικές (συστηματικές)  συνυπάρχουσες παθήσεις - επιπλοκές;864;5
Η07Μ;Ανοικτή χολοκυστεκτομή με κλειστό χοληδόχο πόρο ή με καταστροφικές (συστηματικές)  συνυπάρχουσες παθήσεις - επιπλοκές;3908;11
Η07Χ;Ανοικτή χολοκυστεκτομή χωρίς κλειστό χοληδόχο πόρο χωρίς καταστροφικές (συστηματικές)  συνυπάρχουσες παθήσεις - επιπλοκές;1500;6
Η08Μ;Λαπαρασκοπική χολοκυστεκτομή με κλειστό χοληδόχο πόρο ή με καταστροφικές (συστηματικές) ή σοβαρές συνυπάρχουσες παθήσεις - επιπλοκές;1600;5
Η08Χ;Λαπαρασκοπική χολοκυστεκτομή χωρίς κλειστό χοληδόχο πόρο χωρίς καταστροφικές (συστηματικές) ή σοβαρές συνυπάρχουσες παθήσεις - επιπλοκές;1085;2
Η20Μ;Ενδοσκοπικές επεμβάσεις για αιμορραγία οισοφαγικών κιρσών  με καταστροφικές (συστηματικές)  συνυπάρχουσες παθήσεις - επιπλοκές;3237;11
Η20Χ;Ενδοσκοπικές επεμβάσεις για αιμορραγία οισοφαγικών κιρσών  χωρίς καταστροφικές (συστηματικές)  συνυπάρχουσες παθήσεις - επιπλοκές;1182;5
Η23Μ;Ενδοσκοπική παλίνδρομη χολαγγειοπαγκρεατογραφία σε καταστροφικές (συστηματικές) ή σοβαρές  συνυπάρχουσες παθήσεις - επιπλοκές;1800;11
Η23Χ;Ενδοσκοπική παλίνδρομη χολαγγειοπαγκρεατογραφία σε παθήσεις χωρίς καταστροφικές (συστηματικές) ή σοβαρές  συνέπειες - επιπλοκές;651;3
Η40Μα;Κίρρωση και αλκοολική ηπατίτιδα με καταστροφικές (συστηματικές)  συνυπάρχουσες παθήσεις - επιπλοκές;1700;12
Η40Μβ;Κίρρωση και αλκοολική ηπατίτιδα με σοβαρές ή μέτριας βαρύτητας  συνυπάρχουσες παθήσεις - επιπλοκές;717;5
Η40Χ;Κίρρωση και αλκοολική ηπατίτιδα χωρίς   συνυπάρχουσες παθήσεις - επιπλοκές;296;2
Η41Μ;Κακοήθεια του ηπατοχολικού συστήματος και παγκρέατος με καταστροφικές (συστηματικές)  συνυπάρχουσες παθήσεις - επιπλοκές;1754;9
Η41Χ;Κακοήθεια του ηπατοχολικού συστήματος και παγκρέατος χωρίς καταστροφικές (συστηματικές)  συνυπάρχουσες παθήσεις - επιπλοκές;792;4
Η42Μ;Διαταραχές παγκρέατος εκτός από κακοήθεια με καταστροφικές (συστηματικές) ή σοβαρές  συνυπάρχουσες παθήσεις - επιπλοκές;1215;8
Η42Χ;Διαταραχές παγκρέατος - παγκρεατίτιδα χωρίς κακοήθεια χωρίς καταστροφικές (συστηματικές) ή σοβαρές  συνυπάρχουσες παθήσεις - επιπλοκές;447;3
Η43Μ;Διαταραχές ήπατος εκτός από κακοήθεια, κίρρωση, αλκοολική ηπατίτιδα με καταστροφικές (συστηματικές) ή σοβαρές  συνυπάρχουσες παθήσεις - επιπλοκές;1674;8
Η43Χ;Διαταραχές ήπατος εκτός από κακοήθεια, κίρρωση, αλκοολική ηπατίτιδα χωρίς καταστροφικές (συστηματικές) ή σοβαρές  συνυπάρχουσες παθήσεις - επιπλοκές;520;2
Η44Μ;Διαταραχές των χοληφόρων με  συνυπάρχουσες παθήσεις - επιπλοκές;880;6
Η44Χ;Διαταραχές των χοληφόρων χωρίς  συνυπάρχουσες παθήσεις - επιπλοκές;400;2
Θ01Μ;Χειρουργικές επεμβάσεις για επιπλοκές του διαβήτη με καταστροφικές (συστηματικές) συνυπάρχουσες παθήσεις - επιπλοκές ;4005;27
Θ01Χ;Χειρουργικές επεμβάσεις για επιπλοκές του διαβήτη χωρίς  καταστροφικές (συστηματικές) συνυπάρχουσες παθήσεις - επιπλοκές ;2547;12
Θ02Μ;Επεμβάσεις υπόφυσης με συνυπάρχουσες παθήσεις - επιπλοκές ;4668;10
Θ02Χ;Επεμβάσεις υπόφυσης χωρίς συνυπάρχουσες παθήσεις - επιπλοκές ;3014;4
Θ03Α;Επεμβάσεις επινεφριδίων;2997;4
Θ04Μ;Μείζονες επεμβάσεις για την παχυσαρκία με συνυπάρχουσες παθήσεις - επιπλοκές;3263;8
Θ04Χ;Μείζονες επεμβάσεις για την παχυσαρκία χωρίς συνυπάρχουσες παθήσεις - επιπλοκές;1503;4
Θ05Μ;Επεμβάσεις παραθυρεοειδών με καταστροφικές (συστηματικές) ή σοβαρές συνυπάρχουσες παθήσεις - επιπλοκές;2587;8
Θ05Χ;Επεμβάσεις παραθυρεοειδών χωρίς καταστροφικές (συστηματικές) ή σοβαρές συνυπάρχουσες παθήσεις - επιπλοκές;1077;3
Θ06Μ;Επεμβάσεις θυρεοειδούς με καταστροφικές (συστηματικές) ή σοβαρές συνυπάρχουσες παθήσεις - επιπλοκές;2395;5
Θ06Χ;Επεμβάσεις θυρεοειδούς χωρίς καταστροφικές (συστηματικές) ή σοβαρές συνυπάρχουσες παθήσεις - επιπλοκές;1366;2
Θ07Α;Επεμβάσεις για την παχυσαρκία;1276;3
Θ08Α;Επεμβάσεις θυρεογλωσσικού πόρου;868;2
Θ09Μα;Άλλες χειρουργικές επεμβάσεις για ενδοκρινολογικές, διατροφικές και μεταβολικές διαταραχές με καταστροφικές (συστηματικές) συνυπάρχουσες παθήσεις - επιπλοκές;4895;19
Θ09Μβ;Άλλες χειρουργικές επεμβάσεις για ενδοκρινολογικές, διατροφικές και μεταβολικές διαταραχές με σοβαρές ή μέτριας βαρύτητας συνυπάρχουσες παθήσεις - επιπλοκές;2080;7
Θ09Χ;Άλλες χειρουργικές επεμβάσεις για ενδοκρινολογικές, διατροφικές και μεταβολικές διαταραχές χωρίς καταστροφικές (συστηματικές) συνυπάρχουσες παθήσεις - επιπλοκές;1527;3
Θ10Α;Ενδοσκοπική ή διερευνητική επέμβαση για μεταβολικές διαταραχές, ημερήσια νοσηλεία ;297;1
Θ10Μ;Ενδοσκοπική ή διερευνητική επέμβαση για μεταβολικές διαταραχές με καταστροφικές (συστηματικές) συνυπάρχουσες παθήσεις - επιπλοκές;4296;18
Θ10Χ;Ενδοσκοπική ή διερευνητική επέμβαση για μεταβολικές διαταραχές χωρίς καταστροφικές (συστηματικές) συνυπάρχουσες παθήσεις - επιπλοκές;1580;7
Θ20Μ;Διαβήτης με καταστροφικές (συστηματικές) ή σοβαρές συνυπάρχουσες παθήσεις - επιπλοκές;1735;18
Θ20Χ;Διαβήτης χωρίς καταστροφικές (συστηματικές) ή σοβαρές συνυπάρχουσες παθήσεις - επιπλοκές;731;3
Θ21Α;Σοβαρή διατροφική διαταραχή ;1800;12
Θ22Μ;Διάφορες  μετοβολικές διαταραχές με καταστροφικές (συστηματικές)  ή σοβαρές συνυπάρχουσες παθήσεις - επιπλοκές;1092;7
Θ22Χ;Διάφορες  μεταβολικές διαταραχές χωρίς καταστροφικές (συστηματικές) ή σοβαρές συνυπάρχουσες παθήσεις - επιπλοκές;482;2
Θ23Μ;Συγγενείς διαταραχές του μεταβολισμού με συνυπάρχουσες παθήσεις - επιπλοκές;1074;5
Θ23Χ;Συγγενείς διαταραχές του μεταβολισμού χωρίς συνυπάρχουσες παθήσεις - επιπλοκές;156;3
Θ24Μ;Ενδοκρινολογικές διαταραχές με καταστροφικές (συστηματικές) ή σοβαρές συνυπάρχουσες παθήσεις - επιπλοκές;1829;9
Θ24Χ;Ενδοκρινολογικές διαταραχές χωρίς καταστροφικές (συστηματικές) ή σοβαρές συνυπάρχουσες παθήσεις - επιπλοκές;428;3
Ι20Α;Τοξίκωση από οινοπνευματώδη και κατάσταση απόσυρσης (σύνδρομο στέρησης) ;0;0
Ι21Α;Τοξίκωση από ψυχοδραστικές ουσίες (ναρκωτικά) και κατάσταση απόσυρσης (σύνδρομο στέρησης) ;0;0
Ι22Μ;Διαταραχή από χρήση οινοπνευματωδών και εξάρτηση;0;0
Ι22Χ;Διαταραχή από χρήση οινοπνευματωδών και εξάρτηση, ημερήσια νοσηλεία;0;0
Ι23Α;Διαταραχή από χρήση οπιοειδών και εξάρτηση;0;0
Ι24Α;Διαταραχή από χρήση άλλων ψυχοδραστικών ουσιών (ναρκωτικών) και εξάρτηση;0;0
Κ01Μ;Εμφύτευση  αυτόματου εμφυτεύσιμου καρδιακού απινιδωτή, ολοκληρωμένο σύστημα, με καταστροφικές (συστηματικές) συνυπάρχουσες παθήσεις - επιπλοκές;12500;12
Κ01Χ;Εμφύτευση  αυτόματου εμφυτεύσιμου καρδιακού απινιδωτή, ολοκληρωμένο σύστημα, χωρίς καταστροφικές (συστηματικές) συνυπάρχουσες παθήσεις - επιπλοκές;11291;3
Κ02Α;Άλλες επεμβάσεις σχετιζόμενες με αυτόματο εμφυτεύσιμο καρδιακό απινιδωτή;1897;4
Κ03Μ;Επεμβάσεις καρδιακών βαλβίδων με χρήση εξωσωματικής κυκλοφορίας με επεμβατικό καρδιακό καθετηριασμό με καταστροφικές (συστηματικές) συνυπάρχουσες παθήσεις;11277;23
Κ03Χ;Επεμβάσεις καρδιακών βαλβίδων με χρήση εξωσωματικής κυκλοφορίας με επεμβατικό καρδιακό καθετηριασμό χωρίς καταστροφικές (συστηματικές) συνυπάρχουσες παθήσεις;7475;13
Κ04Μ;Επεμβάσεις καρδιακών βαλβίδων με χρήση εξωσωματικής κυκλοφορίας χωρίς επεμβατικό καρδιακό καθετηριασμό με καταστροφικές (συστηματικές) συνυπάρχουσες παθήσεις;8922;14
Κ04Χ;Επεμβάσεις καρδιακών βαλβίδων με χρήση εξωσωματικής κυκλοφορίας χωρίς επεμβατικό καρδιακό καθετηριασμό χωρίς καταστροφικές (συστηματικές) συνυπάρχουσες παθήσεις;5828;8
Κ05Μ;Στεφανιαία παράκαμψη με επεμβατικό καρδιακό καθετηριασμό με επανεπέμβαση ή με καταστροφικές (συστηματικές) συνυπάρχουσες παθήσεις-επιπλοκές;8826;18
Κ05Χ;Στεφανιαία παράκαμψη με επεμβατικό καρδιακό καθετηριασμό χωρίς επανεπέμβαση χωρίς καταστροφικές (συστηματικές) συνυπάρχουσες παθήσεις-επιπλοκές;6495;13
Κ06Μ;Στεφανιαία παράκαμψη χωρίς επεμβατικό καρδιακό καθετηριασμό με επανεπέμβαση ή με καταστροφικές (συστηματικές) ή σοβαρές συνυπάρχουσες παθήσεις-επιπλοκές;5924;10
Κ06Χ;Στεφανιαία παράκαμψη χωρίς επεμβατικό καρδιακό καθετηριασμό χωρίς επανεπέμβαση χωρίς καταστροφικές (συστηματικές) ή σοβαρές συνυπάρχουσες παθήσεις-επιπλοκές;4276;7
Κ07Μα;Άλλες καρδιο-θωρακοχειρουργικές /αγγειοχειρουργικές επεμβάσεις με χρήση εξωσωματικής κυκλοφορίας με καταστροφικές (συστηματικές) συνυπάρχουσες παθήσεις-επιπλοκές ;8818;12
Κ07Μβ;Άλλες καρδιο-θωρακοχειρουργικές /αγγειοχειρουργικές επεμβάσεις με χρήση εξωσωματικής κυκλοφορίας με σοβαρές ή μέτριας βαρύτητας συνυπάρχουσες παθήσεις-επιπλοκές ;6061;8
Κ07Χ;Άλλες καρδιο-θωρακοχειρουργικές /αγγειοχειρουργικές επεμβάσεις με χρήση εξωσωματικής κυκλοφορίας χωρίς συνυπάρχουσες παθήσεις-επιπλοκές ;4758;7
Κ08Μ;Μείζονες επανορθωτικές επεμβάσεις αγγείων χωρίς χρήση εξωσωματικής κυκλοφορίας με καταστροφικές (συστηματικές) συνυπάρχουσες παθήσεις-επιπλοκές;7218;16
Κ08Χ;Μείζονες επανορθωτικές επεμβάσεις αγγείων χωρίς χρήση εξωσωματικής κυκλοφορίας χωρίς καταστροφικές (συστηματικές) συνυπάρχουσες παθήσεις-επιπλοκές;4219;7
Κ09Μα;Άλλες καρδιοθωρακικές χειρουργικές επεμβάσεις χωρίς χρήση εξωσωματικής κυκλοφορίας με καταστροφικές (συστηματικές) συνυπάρχουσες παθήσεις-επιπλοκές;5136;10
Κ09Μβ;Άλλες καρδιοθωρακικές χειρουργικές επεμβάσεις χωρίς χρήση εξωσωματικής κυκλοφορίας με σοβαρές ή μέτριας βαρύτητας συνυπάρχουσες παθήσεις-επιπλοκές;3167;6
Κ09Χ;Άλλες καρδιοθωρακικές χειρουργικές επεμβάσεις χωρίς χρήση εξωσωματικής κυκλοφορίας χωρίς συνυπάρχουσες παθήσεις-επιπλοκές;2169;4
Κ10Μ;Διαδερμικές επεμβάσεις στεφανιαίων αγγείων με ΟΕΜ (οξύ έμφραγμα μυοκαρδίου) με καταστροφικές (συστηματικές) συνυπάρχουσες παθήσεις-επιπλοκές;4166;8
Κ10Χ;Διαδερμικές επεμβάσεις στεφανιαίων αγγείων με ΟΕΜ (οξύ έμφραγμα μυοκαρδίου) χωρίς καταστροφικές (συστηματικές) συνυπάρχουσες παθήσεις-επιπλοκές;2724;4
Κ11Μ;Ακρωτηριασμός λόγω παθήσεων του κυκλοφορικού,  εξαιρουμένων των άνω άκρου και δακτύλων άκρου ποδός,  με καταστροφικές (συστηματικές) συνυπάρχουσες παθήσεις-επιπλοκές;6629;27
Κ11Χ;Ακρωτηριασμός λόγω παθήσεων του κυκλοφορικού,  εξαιρουμένων των άνω άκρου και δακτύλων άκρου ποδός, χωρίς καταστροφικές (συστηματικές) συνυπάρχουσες παθήσεις-επιπλοκές;2930;14
Κ12Μ;Εμφύτευση βηματοδότη, ολοκληρωμένο σύστημα, με καταστροφικές (συστηματικές) συνυπάρχουσες παθήσεις-επιπλοκές;3280;11
Κ12Χ;Εμφύτευση βηματοδότη, ολοκληρωμένο σύστημα, χωρίς καταστροφικές (συστηματικές) συνυπάρχουσες παθήσεις-επιπλοκές;2831;4
Κ13Μ;Ακρωτηριασμός άνω άκρου και δακτύλων άκρου ποδός λόγω διαταραχών του κυκλοφορικού με καταστροφικές (συστηματικές) ή σοβαρές συνυπάρχουσες παθήσεις-επιπλοκές;3608;17
Κ13Χ;Ακρωτηριασμός άνω άκρου ή δακτύλων άκρου ποδός λόγω παθήσεων του κυκλοφορικού χωρίς καταστροφικές (συστηματικές) ή σοβαρές συνυπάρχουσες παθήσεις-επιπλοκές;1139;7
Κ14Μα;Αγγειακές επεμβάσεις, εξαιρουμένων των μειζόνων επανορθωτικών επεμβάσεων, χωρίς εξωσωματική κυκλοφορία, με καταστροφικές (συστηματικές) συνυπάρχουσες παθήσεις-επιπλοκές;3245;11
Κ14Μβ;Αγγειακές επεμβάσεις, εξαιρουμένων των μειζόνων επανορθωτικών επεμβάσεων, χωρίς εξωσωματική κυκλοφορία, με σοβαρές ή μέτριας βαρύτητας συνυπάρχουσες παθήσεις-επιπλοκές;1810;4
Κ14Χ;Αγγειακές επεμβάσεις, εξαιρουμένων των μειζόνων επανορθωτικών επεμβάσεων, χωρίς εξωσωματική κυκλοφορία, χωρίς συνυπάρχουσες παθήσεις-επιπλοκές;1125;2
Κ15Μ;Διαδερμικές επεμβάσεις στεφανιαίων αγγείων χωρίς ΟΕΜ (οξύ έμφραγμα μυοκαρδίου) με εμφύτευση ενδοπρόθεσης (stent) με καταστροφικές (συστηματικές) ή σοβαρές συνυπάρχουσες παθήσεις-επιπλοκές;1945;4
Κ15Χ;Διαδερμικές επεμβάσεις στεφανιαίων αγγείων χωρίς ΟΕΜ (οξύ έμφραγμα μυοκαρδίου) με εμφύτευση ενδοπρόθεσης (stent) χωρίς καταστροφικές (συστηματικές) ή σοβαρές συνυπάρχουσες παθήσεις-επιπλοκές;1761;2
Κ16Μ;Διαδερμικές επεμβάσεις στεφανιαίων αγγείων χωρίς ΟΕΜ (οξύ έμφραγμα μυοκαρδίου) χωρίς εμφύτευση ενδοπρόθεσης (stent) με συνυπάρχουσες παθήσεις-επιπλοκές;1392;3
Κ16Χ;Διαδερμικές επεμβάσεις στεφανιαίων αγγείων χωρίς ΟΕΜ (οξύ έμφραγμα μυοκαρδίου) χωρίς εμφύτευση ενδοπρόθεσης (stent) χωρίς συνυπάρχουσες παθήσεις-επιπλοκές;1016;2
Κ17Μ;Αντικατάσταση βηματοδοτικής πηγής με καταστροφικές (συστηματικές) ή σοβαρές συνυπάρχουσες παθήσεις-επιπλοκές;2629;5
Κ17Χ;Αντικατάσταση βηματοδοτικής πηγής χωρίς καταστροφικές (συστηματικές) ή  σοβαρές συνυπάρχουσες παθήσεις-επιπλοκές;2227;1
Κ18Μ;Άλλες επεμβάσεις για βηματοδότη με συνυπάρχουσες παθήσεις-επιπλοκές;2023;7
Κ18Χ;Άλλες επεμβάσεις για βηματοδότη χωρίς συνυπάρχουσες παθήσεις-επιπλοκές;1045;2
Κ19Α;Διαδερμικές ενδοαγγειακές καρδιακές επεμβάσεις;2903;3
Κ20Α;Απολίνωση και εκρίζωση φλέβας;691;1
Κ21Μ;Άλλες χειρουργικές επεμβάσεις για παθήσεις του κυκλοφορικού  με καταστροφικές (συστηματικές) συνυπάρχουσες παθήσεις-επιπλοκές;2187;13
Κ21Χ;Άλλες χειρουργικές επεμβάσεις για παθήσεις του κυκλοφορικού  χωρίς καταστροφικές (συστηματικές) συνυπάρχουσες παθήσεις-επιπλοκές;1358;4
Κ22Α;Αορτικά βαλβιδοφόρα μοσχεύματα;7048;11
Κ30Μ;Πάθηση του κυκλοφορικού με μηχανική υποστήριξη αναπνοής με καταστροφικές (συστηματικές) συνυπάρχουσες παθήσεις-επιπλοκές;5401;11
Κ30Χ;Πάθηση του κυκλοφορικού με μηχανική υποστήριξη αναπνοής χωρίς καταστροφικές (συστηματικές) συνυπάρχουσες παθήσεις-επιπλοκές;3649;6
Κ31Μ;Διαταραχές του κυκλοφορικού με ΟΕΜ (οξύ έμφραγμα μυοκαρδίου) με επεμβατικό καρδιακό καθετηριασμό με καταστροφικές (συστηματικές) ή σοβαρές συνυπάρχουσες παθήσεις-επιπλοκές;1853;8
Κ31Χ;Διαταραχές του κυκλοφορικού με ΟΕΜ (οξύ έμφραγμα μυοκαρδίου) με επεμβατικό καρδιακό καθετηριασμό χωρίς καταστροφικές (συστηματικές) ή σοβαρές συνυπάρχουσες παθήσεις-επιπλοκές;1078;4
Κ32Α;Διαταραχές του κυκλοφορικού χωρίς ΟΕΜ (οξύ έμφραγμα μυοκαρδίου)  με επεμβατικό καρδιακό καθετηριασμό, ημερήσια νοσηλεία;498;1
Κ32Μ;Διαταραχές του κυκλοφορικού χωρίς ΟΕΜ (οξύ έμφραγμα μυοκαρδίου) με επεμβατικό καρδιακό καθετηριασμό με καταστροφικές (συστηματικές) ή σοβαρές συνυπάρχουσες παθήσεις-επιπλοκές;1875;8
Κ32Χ;Διαταραχές του κυκλοφορικού χωρίς ΟΕΜ (οξύ έμφραγμα μυοκαρδίου) με επεμβατικό καρδιακό καθετηριασμό χωρίς καταστροφικές (συστηματικές) ή σοβαρές συνυπάρχουσες παθήσεις-επιπλοκές;968;3
Κ33Α;Πάθηση του κυκλοφορικού με μη επεμβατικό αερισμό;1851;13
Κ33Μ;Φλεβική θρόμβωση με  καταστροφικές (συστηματικές) ή σοβαρές συνυπάρχουσες παθήσεις-επιπλοκές;1337;8
Κ33Χ;Φλεβική θρόμβωση χωρίς καταστροφικές (συστηματικές) ή σοβαρές συνυπάρχουσες παθήσεις-επιπλοκές;577;5
Κ34Μ;Δερματικά έλκη σε διαταραχές του κυκλοφορικού με καταστροφικές (συστηματικές) ή σοβαρές συνυπάρχουσες παθήσεις-επιπλοκές;2030;13
Κ34Χ;Δερματικά έλκη σε διαταραχές του κυκλοφορικού χωρίς καταστροφικές (συστηματικές) ή σοβαρές συνυπάρχουσες παθήσεις-επιπλοκές;891;5
Κ35Μ;Περιφερική αγγειακή νόσος με καταστροφικές (συστηματικές) ή σοβαρές  συνυπάρχουσες παθήσεις-επιπλοκές;1365;7
Κ35Χ;Περιφερική αγγειακή νόσος  χωρίς καταστροφικές (συστηματικές) ή σοβαρές συνυπάρχουσες παθήσεις-επιπλοκές;474;2
Κ36Μ;Αθηρωμάτωση στεφανιαίων αρτηριών με καταστροφικές (συστηματικές) ή σοβαρές συνυπάρχουσες παθήσεις-επιπλοκές;865;5
Κ36Χ;Αθηρωμάτωση στεφανιαίων αρτηριών χωρίς καταστροφικές (συστηματικές) ή σοβαρές  συνυπάρχουσες παθήσεις-επιπλοκές;340;2
Κ37Μ;Αρτηριακή υπέρταση με καταστροφικές (συστηματικές) ή σοβαρές συνυπάρχουσες παθήσεις-επιπλοκές;1089;6
Κ37Χ;Αρτηριακή υπέρταση χωρίς καταστροφικές (συστηματικές) ή σοβαρές συνυπάρχουσες παθήσεις-επιπλοκές;355;2
Κ38Α;Συγγενής καρδιοπάθεια με περίπλοκη θεραπεία πολυανθεκτικών παθογόνων μικροοργανισμών, ασθενειών και παθήσεων του κυκλοφορικού συστήματος;3500;4
Κ38Μ;Συγγενής καρδιοπάθεια με συνυπάρχουσες παθήσεις-επιπλοκές;1167;4
Κ38Χ;Συγγενής καρδιοπάθεια χωρίς συνυπάρχουσες παθήσεις-επιπλοκές;570;1
Κ39Μ;Βαλβιδοπάθειες με καταστροφικές (συστηματικές) ή σοβαρές συνυπάρχουσες παθήσεις-επιπλοκές;1153;6
Κ39Χ;Βαλβιδοπάθειες χωρίς καταστροφικές (συστηματικές) ή σοβαρές  συνυπάρχουσες παθήσεις-επιπλοκές;297;2
Κ40Μ;Διαταραχές του κυκλοφορικού με ΟΕΜ (οξύ έμφραγμα μυοκαρδίου)  χωρίς επεμβατικό καρδιακό καθετηριασμό, με καταστροφικές (συστηματικές) συνυπάρχουσες παθήσεις-επιπλοκές;1818;10
Κ40Χ;Διαταραχές του κυκλοφορικού με ΟΕΜ (οξύ έμφραγμα μυοκαρδίου)  χωρίς επεμβατικό καρδιακό καθετηριασμό, χωρίς καταστροφικές (συστηματικές) συνυπάρχουσες παθήσεις-επιπλοκές;722;3
Κ41Μ;Λοιμώδης ενδοκαρδίτιδα με καταστροφικές (συστηματικές) συνυπάρχουσες παθήσεις-επιπλοκές;4365;22
Κ41Χ;Λοιμώδης ενδοκαρδίτιδα χωρίς καταστροφικές (συστηματικές) συνυπάρχουσες παθήσεις-επιπλοκές;2179;12
Κ42Μ;Καρδιακή ανεπάρκεια και καταπληξία με καταστροφικές (συστηματικές) συνυπάρχουσες παθήσεις-επιπλοκές;1868;10
Κ42Χ;Καρδιακή ανεπάρκεια και καταπληξία χωρίς καταστροφικές (συστηματικές) συνυπάρχουσες παθήσεις-επιπλοκές;849;5
Κ43Μ;Συγκοπή και collapsus με καταστροφικές (συστηματικές) ή σοβαρές συνυπάρχουσες παθήσεις-επιπλοκές;1012;8
Κ43Χ;Συγκοπή και collapsus χωρίς καταστροφικές (συστηματικές) ή σοβαρές συνυπάρχουσες παθήσεις-επιπλοκές;361;2
Κ44Α;Θωρακικό / προκάρδιο άλγος;310;1
Κ45Μα;Άλλες παθήσεις του κυκλοφορικού  με καταστροφικές (συστηματικές) συνυπάρχουσες παθήσεις-επιπλοκές;2207;10
Κ45Μβ;Άλλες παθήσεις του κυκλοφορικού  με σοβαρές ή μέτριας βαρύτητας συνυπάρχουσες παθήσεις-επιπλοκές;927;4
Κ45Χ;Άλλες παθήσεις του κυκλοφορικού  χωρίς συνυπάρχουσες παθήσεις-επιπλοκές;521;2
Κ46Μ;Αρρυθμία, καρδιακή ανακοπή και διαταραχές  αγωγιμότητας με καταστροφικές (συστηματικές) ή σοβαρές συνυπάρχουσες παθήσεις-επιπλοκές;1245;6
Κ46Χ;Αρρυθμία, καρδιακή ανακοπή και διαταραχές αγωγιμότητας χωρίς καταστροφικές (συστηματικές) ή σοβαρές συνυπάρχουσες παθήσεις-επιπλοκές;444;2
Κ47Μ;Ασταθής στηθάγχη με καταστροφικές (συστηματικές) ή σοβαρές συνυπάρχουσες παθήσεις-επιπλοκές;940;10
Κ47Χ;Ασταθής στηθάγχη χωρίς καταστροφικές (συστηματικές) ή σοβαρές συνυπάρχουσες παθήσεις-επιπλοκές;424;5
Κ48Α;Απλή ηλεκτροφυσιολογική μελέτη;1500;2
Κ49Μα;Ηλεκτροφυσιολογική μελέτη και επέμβαση κατάλυσης  σε υπερκοιλιακές/κοιλιακές ταχυκαρδίες με σύστημα χαρτογράφησης και/ή εξειδικευμένους καθετήρες και κολπική διαφραγματοστομία;9500;3
Κ49Μβ;Ηλεκτροφυσιολογική μελέτη και επέμβαση κατάλυσης  σε υπερκοιλιακές/κοιλιακές  ταχυκαρδίες με σύστημα χαρτογράφησης και/ή εξειδικευμένους καθετήρες χωρίς κολπική διαφραγματοστομία;8200;3
Κ49Μγ;Απλή ηλεκτροφυσιολογική μελέτη και επέμβαση κατάλυσης σε υπερκοιλιακές/κοιλιακές ταχυκαρδίες με κολπική διαφραγματοστομία;6300;3
Κ49Χ;Απλή ηλεκτροφυσιολογική μελέτη και επέμβαση κατάλυσης  σε υπερκοιλιακές/κοιλιακές ταχυκαρδίες χωρίς σύστημα χαρτογράφησης και χωρίς κολπική διαφραγματοστομία;4700;3
Κ50Α;Κατάλυση νευρικού πλέγματος νεφρικής αρτηρίας;5000;4
Κ51Α;Εμφύτευση συσκευής συνεχούς ΗΚΓφικής καταγραφής τύπου κλειστής αγκύλης (Insertable loop recorders);2500;2
Κ52Μ;Εμφύτευση αμφικοιλιακού απινιδωτή, ολοκληρωμένο σύστημα, με καταστροφικές συνυπάρχουσες παθήσεις - επιπλοκές;15000;12
Κ52Χ;Εμφύτευση αμφικοιλιακού απινιδωτή, ολοκληρωμένο σύστημα, χωρίς καταστροφικές συνυπάρχουσες παθήσεις - επιπλοκές;14500;3
Κ53Μ;Αντικατάσταση αμφικοιλιακού απινιδωτή, ολοκληρωμένο σύστημα, με καταστροφικές συνυπάρχουσες παθήσεις - επιπλοκές;13500;12
Κ53Χ;Αντικατάσταση αμφικοιλιακού απινιδωτή, ολοκληρωμένο σύστημα, χωρίς καταστροφικές συνυπάρχουσες παθήσεις - επιπλοκές;12500;3
Κ54Μ;Εμφύτευση αμφικοιλιακού βηματοδότη ολοκληρωμένο σύστημα, με καταστροφικές συνυπάρχουσες παθήσεις - επιπλοκές;5000;12
Κ54Χ;Εμφύτευση αμφικοιλιακού βηματοδότη ολοκληρωμένο σύστημα, χωρίς καταστροφικές συνυπάρχουσες παθήσεις - επιπλοκές;4500;3
Κ55Μ;Αντικατάσταση αμφικοιλιακού βηματοδότη, ολοκληρωμένο σύστημα, με καταστροφικές συνυπάρχουσες παθήσεις - επιπλοκές;5000;12
Κ55Χ;Αντικατάσταση αμφικοιλιακού βηματοδότη ολοκληρωμένο σύστημα, χωρίς καταστροφικές συνυπάρχουσες παθήσεις - επιπλοκές;4500;3
Κ56Μ;Διακαθετηριακή τοποθέτηση καρδιακής βαλβίδας με καταστροφικές συνυπάρχουσες παθήσεις-επιπλοκές;15000;12
Κ56Χ;Διακαθετηριακή τοποθέτηση καρδιακής βαλβίδας χωρίς καταστροφικές συνυπάρχουσες παθήσεις-επιπλοκές;13000;8
Κ57Μ;Διακορυφαία δια-αορτική τοποθέτηση καρδιακής βαλβίδας με καταστροφικές συνυπάρχουσες παθήσεις-επιπλοκές;16000;12
Κ57Χ;Διακορυφαία δια-αορτική τοποθέτηση καρδιακής βαλβίδας χωρίς καταστροφικές συνυπάρχουσες παθήσεις-επιπλοκές;14000;10
Κ58Μ;Διακαθετηριακή βαλβιδοπλαστική καρδιακής βαλβίδας με καταστροφικές συνυπάρχουσες παθήσεις-επιπλοκές;4000;5
Κ58Χ;Διακαθετηριακή βαλβιδοπλαστική καρδιακής βαλβίδας χωρίς καταστροφικές συνυπάρχουσες παθήσεις-επιπλοκές;3000;4
Κ59Α;Διακαθετηριακή αντικατάσταση ή διόρθωση καρδιακών βαλβίδων χωρίς καταστροφικές συνυπάρχουσες παθήσεις - επιπλοκές;5500;8
Κ60Α;Διακαθετηριακή αντιμετώπιση μυοκαρδιοπάθειας, χωρίς καταστροφικές συνυπάρχουσες παθήσεις/επιπλοκές;6500;4
Κ61Α;Διαδερμική - διακαθετηριακή τοποθέτηση συσκευών σε καρδιακή κοιλότητα ή σύγκλειση καρδιακών τρημάτων;13000;3
Κ62Α;Επεμβατική σύγκλειση μεσοκολπικού ή μεσοκοιλιακού ελλείμματος σε ασθενή <18 ετών;15000;5
Κ63Α;Επεμβατική σύγκλειση αρτηριακού πόρου σε ασθενή <18 ετών;9000;5
Κ64Α;Επεμβατική σύγκλειση αορτοπνευμονικού παράπλευρου σε ασθενή <18 ετών;4000;5
Κ65Α;Επεμβατική διάνοιξη μεσοκολπικής επικοινωνίας σε ασθενή <18 ετών;2000;5
Κ66Μ;Βαλβιδοπλαστική ή αγγειοπλαστική για συγγενή καρδιοπάθεια σε ασθενή <18 ετών με καταστροφικές ή σοβαρές συνυπάρχουσες παθήσεις-επιπλοκές;5500;5
Κ66Χ;Βαλβιδοπλαστική ή αγγειοπλαστική για συγγενή καρδιοπάθεια σε ασθενή <18 ετών χωρίς καταστροφικές ή σοβαρές συνυπάρχουσες παθήσεις-επιπλοκές;5000;5
Κ67Α;Τοποθέτηση ενδοπρόθεσης (stent) σε πνευμονική αρτηρία ή στην περιοχή του ισθμού σε ασθενή <18 ετών;3500;5
Λ01Μ;Τοκετός με καισαρική τομή με καταστροφικές (συστηματικές) ή σοβαρές συνυπάρχουσες παθήσεις - επιπλοκές;1300;7
Λ01Χ;Τοκετός με καισαρική τομή χωρίς καταστροφικές (συστηματικές) ή σοβαρές συνυπάρχουσες παθήσεις - επιπλοκές;1000;4
Λ02Μ;Κολπικός τοκετός με χειρουργική επέμβαση με καταστροφικές (συστηματικές) ή σοβαρές συνυπάρχουσες παθήσεις - επιπλοκές;1100;5
Λ02Χ;Κολπικός τοκετός με χειρουργική επέμβαση χωρίς καταστροφικές (συστηματικές) ή σοβαρές συνυπάρχουσες παθήσεις - επιπλοκές ;800;4
Λ03Μ;Έκτοπη κύηση με καταστροφικές (συστηματικές) συνυπάρχουσες παθήσεις - επιπλοκές;900;4
Λ03Χ;Έκτοπη κύηση χωρίς καταστροφικές (συστηματικές) συνυπάρχουσες παθήσεις - επιπλοκές;650;3
Λ04Μ;Καταστάσεις μετά τον τοκετό ή μετά την άμβλωση με χειρουργική επέμβαση  με καταστροφικές (συστηματικές) ή σοβαρές συνυπάρχουσες παθήσεις - επιπλοκές;1200;5
Λ04Χ;Καταστάσεις μετά τον τοκετό ή μετά την άμβλωση με χειρουργική επέμβαση χωρίς καταστροφικές (συστηματικές) ή σοβαρές συνυπάρχουσες παθήσεις - επιπλοκές;400;2
Λ05Α;Άμβλωση με χειρουργική επέμβαση ;200;1
Λ20Α;Κολπικός τοκετός (φυσιολογικός);600;3
Λ21Α;Καταστάσεις μετά τον τοκετό ή μετά την άμβλωση χωρίς χειρουργική επέμβαση;300;2
Λ23Α;Άμβλωση χωρίς χειρουργική επέμβαση;200;1
Λ24Α;Ψευδείς ωδίνες τοκετού;200;3
Λ26Α;Προγεννητική και άλλη μαιευτική εισαγωγή;200;5
Μ01Μ;Αμφοτερόπλευρες/πολλαπλές επεμβάσεις των μεγάλων αρθρώσεων κάτω άκρων με αναθεώρηση ή με καταστροφικές (συστηματικές)  συνυπάρχουσες παθήσεις - επιπλοκές;8657;20
Μ01Χ;Αμφοτερόπλευρες/πολλαπλές επεμβάσεις των μεγάλων αρθρώσεων κάτω άκρων χωρίς αναθεώρηση  χωρίς  καταστροφικές (συστηματικές)  συνυπάρχουσες παθήσεις - επιπλοκές;4582;7
Μ02Μ;Μεταφορά μικροαγγειακού ιστού ή (δερματικού μοσχεύματος με καταστροφικές (συστηματικές) ή σοβαρές συνυπάρχουσες παθήσεις – επιπλοκές), εξαιρουμένης της άκρας χείρας;8282;20
Μ02Χ;Δερματικό μόσχευμα χωρίς καταστροφικές (συστηματικές) ή σοβαρές συνυπάρχουσες παθήσεις – επιπλοκές, εξαιρουμένης της άκρας χείρας;3000;8
Μ03Μ;Αρθροπλαστική ισχίου με καταστροφικές (συστηματικές) συνυπάρχουσες παθήσεις - επιπλοκές;4000;15
Μ03Χ;Aρθροπλαστική ισχίου χωρίς  καταστροφικές (συστηματικές) συνυπάρχουσες παθήσεις - επιπλοκές;3000;7
Μ04Μ;Αρθροπλαστική γόνατος με καταστροφικές (συστηματικές) ή σοβαρές συνυπάρχουσες παθήσεις - επιπλοκές;4400;9
Μ04Χ;Αρθροπλαστική γόνατος χωρίς καταστροφικές (συστηματικές) ή σοβαρές συνυπάρχουσες παθήσεις - επιπλοκές;4000;6
Μ05Μ;Αρθροπλαστική άλλων αρθρώσεων με καταστροφικές (συστηματικές) ή σοβαρές συνυπάρχουσες παθήσεις - επιπλοκές;5593;11
Μ05Χ;Αρθροπλαστική άλλων αρθρώσεων χωρίς καταστροφικές (συστηματικές) ή σοβαρές  συνυπάρχουσες παθήσεις - επιπλοκές;5017;6
Μ06Α;Σοβαρές επεμβάσεις της σπονδυλικής στήλης, ινιοαυχενικής μοίρας ηλικία <19 ετών ;9431;6
Μ06Μα;Σοβαρές επεμβάσεις αποκατάστασης στη σπονδυλική στήλη είτε επεμβάσεις αποκατάστασης θωρακικών παραμορφώσεων, ηλικία < 16 ετών, ή παρα/τετραπληγία με συνυπάρχουσες καταστροφικές ή σοβαρές επιπλοκές, ή επείγουσες χειρουργικές επεμβάσεις, ή επεμβάσεις για την αντιμετώπιση φλεγμονής στην περιοχή;15000;9
Μ06Μβ;Μεγάλης βαρύτητας επεμβάσεις στη σπονδυλική στήλη, με αντικατάσταση σπονδυλικού σώματος είτε για σοβαρή  φλεγμονώδη νόσο, είτε γιά κακοήθη νεοπλασία και συνυπάρχουσες καταστροφικές ή σοβαρές παθήσεις ή επιπλοκές, πάνω από 6 επίπεδα;9562;6
Μ06Μγ;Επεμβάσεις σπονδυλικής στήλης, ινιοαυχενική μοίρα, χωρίς αντικατάσταση του σπονδυλικού σώματος, χωρίς σοβαρή φλεγμονώδη νόσο ή κακοήθεια, με συνυπάρχουσες καταστροφικές ή σοβαρές παθήσεις ή επιπλοκές;8152;6
Μ06Χ;Σοβαρές επεμβάσεις στη σπονδυλική στήλη, ινιοαυχενική μοίρα, χωρίς ιδιαίτερα πολύπλοκα ή πολύ σύνθετη λειτουργία, χωρίς σπονδυλική αντικατάσταση του σώματος, χωρίς σοβαρή φλεγμονώδη νόσο ή κακόηθες νεόπλασμα, χωρίς συνυπάρχουσες καταστροφικές ή σοβαρές παθήσεις ή επιπλοκές;4136;4
Μ07Α;Ακρωτηριασμός;2000;20
Μ08Μ;Άλλες επεμβάσεις ισχίου και μηριαίου με καταστροφικές (συστηματικές)  συνυπάρχουσες παθήσεις - επιπλοκές;4449;17
Μ08Χ;Άλλες επεμβάσεις ισχίου και μηριαίου χωρίς καταστροφικές (συστηματικές)  συνυπάρχουσες παθήσεις - επιπλοκές;2765;9
Μ09Μα;Χειρουργικές επεμβάσεις στη σπονδυλική στήλη με εσωτερική οστεοσύνθεση και συνυπάρχουσες καταστροφικές ή σοβαρές  επιπλοκές ή διορθωτική οπίσθια σπονδυλοδεσία ή  αντικατάσταση σπονδυλικού σώματος με εμφύτευμα;7063;18
Μ09Μβ;Εξειδικευμένες χειρουργικές επεμβάσεις της σπονδυλικής στήλης με εσωτερική οστεοσύνθεση και σοβαρές συνοδές χειρουργικές επιπλοκές ή  αλλογενές οστικό μόσχευμα ή επεμβάσεις κυφοπλαστικής σε > 2 επίπεδα ή σε 2 επίπεδα με συνυπάρχουσες καταστροφικές ή σοβαρές επιπλοκές ;4778;3
Μ09Μγ;Εξειδικευμένες χειρουργικές επεμβάσεις στη σπονδυλική στήλη χωρίς επείγουσες παρεμβάσεις, χωρίς σπονδυλική παραμόρφωση, χωρίς σπονδυλοδεσία,  χωρίς κυφοπλαστική, με συνυπάρχουσες καταστροφικές ή σοβαρές παθήσεις ή επιπλοκές εκτός από παρα/τετραπληγία;3311;3
Μ09Χ;Σπονδυλοδεσία χωρίς καταστροφικές (συστηματικές)  συνυπάρχουσες παθήσεις - επιπλοκές έως και 3 επίπεδα;6000;7
Μ09Χα;Εξειδικευμένες χειρουργικέςεπεμβάσεις σε παραμορφωτικέςπαθήσεις της σπονδυλικής στήλης, ή πολύπλοκες σπονδυλοδεσίες ή επεμβάσεις κυφοπλαστικής χωρίς αντικατάσταση σπονδυλικού σώματος με εμφύτευμα, χωρίς οπίσθια σπονδυλοδεσία;6046;4
Μ09Χβ;Εξειδικευμένες επεμβάσεις στη σπονδυλική στήλη με εσωτερική οστεοσύνθεση με χρήση μεσοσπονδύλιων κλωβών ή κυφοπλαστική σε 2 επίπεδα χωρίς συνυπάρχουσες καταστροφικές ή σοβαρές παθήσεις ή επιπλοκές ή με αντικατάσταση σπονδυλικού σώματος ή πάρα/τετραπληγία;3628;3
Μ10Μα;Άλλες εξειδικευμένες χειρουργικές επεμβάσεις για την σπονδυλική στήλη, με συνυπάρχουσες καταστροφικές ή σοβαρές παθήσεις ή επιπλοκές ή με πολύπλοκες επεμμβάσεις;4239;8
Μ10Μβ;Άλλες εξειδικευμένες χειρουργικές επεμβάσεις για την σπονδυλική στήλη, με συνυπάρχουσες καταστροφικές ή σοβαρές παθήσεις ή επιπλοκές χωρίς πολύπλοκες επεμμβάσεις;3420;8
Μ10Χα;Άλλες χειρουργικές επεμβάσεις στη σπονδυλική στήλη, χωρίς συνυπάρχουσες καταστροφικές ή σοβαρές παθήσεις ή επιπλοκές, με σύνθετες επεμβάσεις ή έλξη μέσω Halo, με σπονδυλικό κάταγμα, με πάρα/τετραπληγία;2593;2
Μ10Χβ;Άλλες χειρουργικές επεμβάσεις στη σπονδυλική στήλη, χωρίς συνυπάρχουσες καταστροφικές ή σοβαρές παθήσεις ή επιπλοκές, με σύνθετες επεμβάσεις ή έλξη μέσω Halo, χωρίς σπονδυλικό κάταγμα, εκτός από πάρα/τετραπληγία;2172;2
Μ10Χγ;Άλλες χειρουργικές επεμβάσεις στη σπονδυλική στήλη, χωρίς συνυπάρχουσες καταστροφικές ή σοβαρές παθήσεις ή επιπλοκές, ή έλξη μέσω Halo με σύνθετες επεμβάσεις;1707;2
Μ10Χδ;Άλλες χειρουργικές επεμβάσεις στη σπονδυλική στήλη, χωρίς συνυπάρχουσες καταστροφικές ή σοβαρές παθήσεις ή επιπλοκές, ή έλξη μέσω Halo χωρίς σύνθετες επεμβάσεις;1123;2
Μ11Α;Επεμβάσεις διατατικής επιμήκυνσης άκρου;2468;4
Μ12Μα;Λοίμωξη/φλεγμονή οστού και άρθρωσης με διάφορες μυοσκελετικές επεμβάσεις με καταστροφικές (συστηματικές)  συνυπάρχουσες παθήσεις - επιπλοκές;4980;24
Μ12Μβ;Λοίμωξη/φλεγμονή οστού και άρθρωσης με διάφορες μυοσκελετικές επεμβάσεις με σοβαρές ή μέτριας βαρύτητας  συνυπάρχουσες παθήσεις - επιπλοκές;2993;14
Μ12Χ;Λοίμωξη/φλεγμονή οστού και άρθρωσης με διάφορες μυοσκελετικές επεμβάσεις χωρίς  συνυπάρχουσες παθήσεις - επιπλοκές;1514;6
Μ13Μ;Επεμβάσεις βραχιονίου, κνήμης, περόνης και αστραγάλου με συνυπάρχουσες παθήσεις - επιπλοκές;1088;10
Μ13Χ;Επεμβάσεις βραχιονίου, κνήμης, περόνης και αστραγάλου χωρίς συνυπάρχουσες παθήσεις - επιπλοκές;577;4
Μ15Α;Κρανιοπροσωπικές επεμβάσεις;3046;6
Μ16Α;Άλλες επεμβάσεις ώμου;1141;2
Μ17Μ;Γναθοπροσωπικές επεμβάσεις με συνυπάρχουσες παθήσεις - επιπλοκές;2066;3
Μ17Χ;Γναθοπροσωπικές επεμβάσεις χωρίς συνυπάρχουσες παθήσεις - επιπλοκές;640;2
Μ18Α;Άλλες επεμβάσεις γόνατος;627;2
Μ19Μ;Άλλες επεμβάσεις αγκώνος και αντιβραχίου με συνυπάρχουσες παθήσεις - επιπλοκές;2291;6
Μ19Χ;Άλλες επεμβάσεις αγκώνος και αντιβραχίου χωρίς συνυπάρχουσες παθήσεις - επιπλοκές;998;2
Μ20Α;Άλλες επεμβάσεις άκρου ποδός;1077;2
Μ21Α;Τοπική εκτομή και αφαίρεση υλικών εσωτερικής οστεοσύνθεσης ισχίου και μηριαίου;940;2
Μ22Α;Αρθροσκόπηση στο γόνατο ή τον αγκώνα ή τον ώμο ή το αντιβραχίο;1500;2
Μ23Α;Τοπική εκτομή και αφαίρεση υλικών εσωτερικής οστεοσύνθεσης εξαιρουμένων του ισχίου και μηριαίου;350;1
Μ24Α;Αρθροσκοπική βιοψία;710;1
Μ25Μ;Διαγνωστικές επεμβάσεις οστών και αρθρώσεων συμπεριλαμβανομένης της βιοψίας  με συνυπάρχουσες παθήσεις - επιπλοκές;1400;6
Μ25Χ;Διαγνωστικές επεμβάσεις οστών και αρθρώσεων συμπεριλαμβανομένης της βιοψίας χωρίς συνυπάρχουσες παθήσεις - επιπλοκές;600;3
Μ27Μ;Επεμβάσεις μαλακών μορίων  με συνυπάρχουσες παθήσεις - επιπλοκές;1981;8
Μ27Χ;Επεμβάσεις μαλακών μορίων χωρίς συνυπάρχουσες παθήσεις - επιπλοκές;820;2
Μ28Μ;Άλλες επεμβάσεις μυοσκελετικού με συνυπάρχουσες παθήσεις - επιπλοκές;2399;10
Μ28Χ;Άλλες επεμβάσεις μυοσκελετικού χωρίς συνυπάρχουσες παθήσεις - επιπλοκές;1085;2
Μ29Α;Επανορθωτική επέμβαση γόνατος ή αναθεώρηση αρθροπλαστικής γόνατος;1286;2
Μ30Α;Επεμβάσεις άκρας χειρός;707;1
Μ31Μ;Αναθεώρηση αρθροπλαστικής ισχίου με καταστροφικές (συστηματικές)  συνυπάρχουσες παθήσεις - επιπλοκές;8038;21
Μ31Χ;Αναθεώρηση αρθροπλαστικής ισχίου χωρίς καταστροφικές (συστηματικές)  συνυπάρχουσες παθήσεις - επιπλοκές;6905;11
Μ32Μα;Αναθεώρηση αρθροπλαστικής γόνατος με καταστροφικές (συστηματικές)  συνυπάρχουσες παθήσεις - επιπλοκές;9083;25
Μ32Μβ;Αναθεώρηση αρθροπλαστικής γόνατος με σοβαρές συνυπάρχουσες παθήσεις - επιπλοκές;5193;11
Μ32Χ;Αναθεώρηση αρθροπλαστικής γόνατος χωρίς καταστροφικές (συστηματικές) ή σοβαρές συνυπάρχουσες παθήσεις - επιπλοκές;4622;9
Μ60Α;Κατάγματα διάφυσης μηριαίου;1563;7
Μ61Μ;Κατάγματα άπω (κατώτερου) τμήματος μηριαίου οστού με συνυπάρχουσες παθήσεις - επιπλοκές;2200;13
Μ61Χ;Κατάγματα άπω (κατώτερου) τμήματος μηριαίου οστού χωρίς συνυπάρχουσες παθήσεις - επιπλοκές;1300;4
Μ63Μ;Διαστρέμματα, διατάσεις και εξαρθρήματα ισχίου, πυέλου και μηρού  με συνυπάρχουσες παθήσεις - επιπλοκές;1089;7
Μ63Χ;Διαστρέμματα, διατάσεις και εξαρθρήματα ισχίου, πυέλου και μηρού χωρίς συνυπάρχουσες παθήσεις - επιπλοκές;403;2
Μ64Μ;Οστεομυελίτιδα με καταστροφικές (συστηματικές) ή σοβαρές συνυπάρχουσες παθήσεις - επιπλοκές;2427;15
Μ64Χ;Οστεομυελίτιδα χωρίς καταστροφικές (συστηματικές) ή σοβαρές συνυπάρχουσες παθήσεις - επιπλοκές;1068;8
Μ65Μ;Κακοήθη νεοπλάσματα  του μυοσκελετικού με καταστροφικές (συστηματικές) συνυπάρχουσες παθήσεις-επιπλοκές;2327;11
Μ65Χ;Κακοήθη νεοπλάσματα  του μυοσκελετικού χωρίς καταστροφικές (συστηματικές) συνυπάρχουσες παθήσεις-επιπλοκές;1111;5
Μ66Μ;Φλεγμονώδεις παθήσεις μυοσκελετικού με καταστροφικές (συστηματικές)  ή σοβαρές  συνυπάρχουσες παθήσεις - επιπλοκές;2214;9
Μ66Χ;Φλεγμονώδεις παθήσεις μυοσκελετικού χωρίς καταστροφικές (συστηματικές)  ή σοβαρές  συνυπάρχουσες παθήσεις - επιπλοκές;410;2
Μ67Μ;Σηπτική αρθρίτιδα με καταστροφικές (συστηματικές) ή σοβαρές  συνυπάρχουσες παθήσεις - επιπλοκές;2207;12
Μ67Χ;Σηπτική αρθρίτιδα χωρίς καταστροφικές (συστηματικές) ή σοβαρές  συνυπάρχουσες παθήσεις - επιπλοκές;906;7
Μ68Α;Συντηρητική αντιμετώπιση παθήσεων και κακώσεων της σπονδυλικής στήλης ή του χεριού ή του ποδιού με νοσηλεία μίας ημέρας;151;1
Μ68Μα;Συντηρητική αντιμετώπιση παθήσεων και κακώσεων της σπονδυλικής στήλης με νοσηλεία άνω της μιάς ημέρας ηλικία > 55 ετών, είτε με συνυπάρχουσες καταστροφικές ή σοβαρές παθήσεις ή επιπλοκές,  ή με παρα/τετραπληγία, με δισκίτιδα ή φλεγμονώδη σπονδυλοαρθροπάθεια;3069;2
Μ68Μβ;Συντηρητική αντιμετώπιση παθήσεων και κακώσεων της σπονδυλικής στήλης με νοσηλεία άνω της μιάς ημέρας, ηλικία > 55 ετών, είτε με συνυπάρχουσες καταστροφικές ή σοβαρές επιπλοκές, ή με παρα/τετραπληγία, εξαιρουμένης της δισκίτιδας ή φλεγμονωδών σπονδυλοαρθροπαθειών, με συνυπάρχουσες παθήσεις;1338;2
Μ68Μγ;Συντηρητική αντιμετώπιση παθήσεων και κακώσεων της σπονδυλικής στήλης με νοσηλεία άνω της μιάς ημέρας, ηλικία > 55 ετών, είτε με συνυπάρχουσες καταστροφικές ή σοβαρές επιπλοκές, ή με παρα/τετραπληγία, εξαιρουμένης της δισκίτιδας ή φλεγμονωδών σπονδυλοαρθροπαθειών, χωρίς συνυπάρχουσες παθήσεις ή άλλα κατάγματα του μηριαίου;1095;2
Μ68Χ;Συντηρητική αντιμετώπιση παθήσεων και κακώσεων της σπονδυλικής στήλης,νοσηλία άνω της μίας ημέρας, ηλικία <56 ετών, χωρίς παρα / τετραπληγία, χωρίς συνυπάρχουσες παθήσεις ή επιπλοκές;731;2
Μ69Μ;Παθήσεις των οστών και αρθροπάθειες με καταστροφικές (συστηματικές) ή σοβαρές  συνυπάρχουσες παθήσεις - επιπλοκές;1530;9
Μ69Χ;Παθήσεις των οστών και αρθροπάθειες χωρίς καταστροφικές (συστηματικές) ή σοβαρές  συνυπάρχουσες παθήσεις - επιπλοκές;425;2
Μ71Μ;Άλλες παθήσεις μυών-τενόντων με καταστροφικές (συστηματικές) ή σοβαρές  συνυπάρχουσες παθήσεις - επιπλοκές;1203;7
Μ71Χ;Άλλες παθήσεις μυών-τενόντων χωρίς καταστροφικές (συστηματικές) ή σοβαρές  συνυπάρχουσες παθήσεις - επιπλοκές;368;2
Μ72Μ;Ειδικές παθήσεις μυών - τενόντων με καταστροφικές (συστηματικές) ή σοβαρές συνυπάρχουσες παθήσεις - επιπλοκές;1528;9
Μ72Χ;Ειδικές παθήσεις μυών - τενόντων χωρίς καταστροφικές (συστηματικές)  ή σοβαρές συνυπάρχουσες παθήσεις - επιπλοκές;490;3
Μ73Μ;Μετεγχειρητική παρακολούθηση μυοσκελετικών εμφυτευμάτων/ προθέσεων με καταστροφικές (συστηματικές) ή σοβαρές  συνυπάρχουσες παθήσεις - επιπλοκές;2044;18
Μ73Χ;Μετεγχειρητική παρακολούθηση μυοσκελετικών εμφυτευμάτων/προθέσεων χωρίς καταστροφικές (συστηματικές) ή σοβαρές συνυπάρχουσες παθήσεις - επιπλοκές;437;4
Μ74Α;Κάκωση αντιβραχίου, καρπού, άκρας χειρός ή άκρου ποδός ;350;2
Μ75Μ;Κάκωση ώμου, βραχίονα, αγκώνα, γόνατος, κνήμης ή αστραγάλου με συνυπάρχουσες παθήσεις - επιπλοκές;1455;8
Μ75Χ;Κάκωση ώμου, βραχίονα, αγκώνα, γόνατος, κνήμης ή αστραγάλου χωρίς συνυπάρχουσες παθήσεις - επιπλοκές;368;2
Μ76Μ;Άλλες  παθήσεις του μυοσκελετικού με καταστροφικές (συστηματικές) ή σοβαρές  συνυπάρχουσες παθήσεις - επιπλοκές;1174;7
Μ76Χ;Άλλες  παθήσεις του μυοσκελετικού χωρίς καταστροφικές (συστηματικές)   ή σοβαρές συνυπάρχουσες παθήσεις - επιπλοκές;389;2
Μ77Μ;Κατάγματα πυέλου με καταστροφικές (συστηματικές) ή σοβαρές  συνυπάρχουσες παθήσεις - επιπλοκές;2052;12
Μ77Χ;Κατάγματα πυέλου  χωρίς  καταστροφικές (συστηματικές) ή σοβαρές συνυπάρχουσες παθήσεις - επιπλοκές;962;6
Μ78Μ;Κατάγματα αυχένος του μηριαίου με καταστροφικές (συστηματικές) ή σοβαρές συνυπάρχουσες παθήσεις - επιπλοκές;1463;7
Μ78Χ;Κατάγματα αυχένος του μηριαίου χωρίς καταστροφικές (συστηματικές) ή σοβαρές συνυπάρχουσες παθήσεις ή επιπλοκές;470;2
Μ79Μ;Παθολογικό κάταγμα με καταστροφικές (συστηματικές)  συνυπάρχουσες παθήσεις - επιπλοκές;2942;15
Μ79Χ;Παθολογικό κάταγμα χωρίς καταστροφικές (συστηματικές)  συνυπάρχουσες παθήσεις - επιπλοκές;1370;8
Μ95Α;Εμφύτευση ογκολογικής πρόθεσης ή ολική αντικατάσταση του μηρού;21000;15
Ν01Μ;Αναθεώρηση (επανεπέμβαση) κοιλιακής παροχέτευσης με καταστροφικές (συστηματικές) ή σοβαρές συνυπάρχουσες παθήσεις – επιπλοκές;2298;7
Ν01Χ;Αναθεώρηση (επανεπέμβαση) κοιλιακής παροχέτευσης χωρίς καταστροφικές (συστηματικές) ή σοβαρές συνυπάρχουσες παθήσεις – επιπλοκές;1913;5
Ν02Μα;Επεμβάσεις κρανίου με καταστροφικές (συστηματικές) συνυπάρχουσες παθήσεις - επιπλοκές;7620;18
Ν02Μβ;Επεμβάσεις κρανίου με σοβαρές συνυπάρχουσες παθήσεις - επιπλοκές;4606;11
Ν02Χ;Επεμβάσεις κρανίου χωρίς καταστροφικές (συστηματικές) ή σοβαρές συνυπάρχουσες παθήσεις - επιπλοκές;3400;7
Ν03Μ;Επεμβάσεις σπονδυλικής στήλης με καταστροφικές (συστηματικές) ή σοβαρές συνυπάρχουσες παθήσεις – επιπλοκές;5442;15
Ν03Χ;Επεμβάσεις σπονδυλικής στήλης χωρίς καταστροφικές (συστηματικές) ή σοβαρές συνυπάρχουσες παθήσεις – επιπλοκές;2580;5
Ν04Μ;Εξωκράνιες  αγγειοχειρουργικές επεμβάσεις με καταστροφικές (συστηματικές) συνυπάρχουσες παθήσεις - επιπλοκές;3880;12
Ν04Χ;Εξωκράνιες  αγγειοχειρουργικές επεμβάσεις χωρίς καταστροφικές (συστηματικές) συνυπάρχουσες παθήσεις - επιπλοκές;2170;4
Ν05Α;Αποσυμπίεση καρπιαίου σωλήνα;250;1
Ν06Μ;Επεμβάσεις για εγκεφαλική παράλυση, μυϊκή δυστροφία, νευροπάθεια με συνυπάρχουσες παθήσεις - επιπλοκές ;2997;13
Ν06Χ;Επεμβάσεις για εγκεφαλική παράλυση, μυϊκή δυστροφία, νευροπάθεια χωρίς συνυπάρχουσες παθήσεις - επιπλοκές ;876;2
Ν07Μ;Επεμβάσεις σε περιφερικά νεύρα και εγκεφαλικές συζυγίες και άλλες επεμβάσεις του νευρικού συστήματος με συνυπάρχουσες παθήσεις - επιπλοκές;2284;9
Ν07Χ;Επεμβάσεις σε περιφερικά νεύρα και εγκεφαλικές συζυγίες και άλλες επεμβάσεις του νευρικού συστήματος χωρίς συνυπάρχουσες παθήσεις - επιπλοκές;973;2
Ν10Α;Πλασμαφαίρεση με νευρολογική νόσο-συμμετοχή, ημερήσια νοσηλεία;149;1
Ν11Α;Τηλεμετρική παρακολούθηση ηλεκτροεγκεφαλογραφήματος;1210;5
Ν12Μ;Πάθηση νευρικού συστήματος με μηχανική υποστήριξη αναπνοής με καταστροφικές (συστηματικές) συνυπάρχουσες παθήσεις - επιπλοκές;5241;13
Ν12Χ;Πάθηση νευρικού συστήματος με μηχανική υποστήριξη αναπνοής χωρίς καταστροφικές (συστηματικές) συνυπάρχουσες παθήσεις - επιπλοκές;3416;7
Ν20Μ;Οξεία εμφάνιση παραπληγίας/τετραπληγίας με ή χωρίς χειρουργικές επεμβάσεις με καταστροφικές (συστηματικές) συνυπάρχουσες παθήσεις - επιπλοκές;3750;25
Ν20Χ;Οξεία εμφάνιση παραπληγίας/τετραπληγίας με ή χωρίς χειρουργικές επεμβάσεις χωρίς καταστροφικές (συστηματικές) συνυπάρχουσες παθήσεις - επιπλοκές;1500;10
Ν21Μ;Παθήσεις νωτιαίου μυελού με ή χωρίς χειρουργικές επεμβάσεις με καταστροφικές (συστηματικές) ή σοβαρές συνυπάρχουσες παθήσεις – επιπλοκές;4509;16
Ν21Χ;Παθήσεις νωτιαίου μυελού με ή χωρίς χειρουργικές επεμβάσεις χωρίς καταστροφικές (συστηματικές) ή σοβαρές συνυπάρχουσες παθήσεις – επιπλοκές;1714;5
Ν22Α;Αφαίρεση (Αιμαφαίρεση) ;180;1
Ν23Α;Άνοια (ανοϊκή συνδρομή)  και άλλες χρόνιες δυσλειτουργίες της εγκεφαλικής λειτουργίας;1326;13
Ν24Μ;Delirium (Παραλήρημα /Διέγερση) με καταστροφικές (συστηματικές) συνυπάρχουσες παθήσεις - επιπλοκές;2172;13
Ν24Χ;Delirium (Παραλήρημα /Διέγερση) χωρίς καταστροφικές (συστηματικές) συνυπάρχουσες παθήσεις - επιπλοκές;1054;6
Ν25Α;Εγκεφαλική παράλυση;439;2
Ν26Μ;Νεόπλασμα νευρικού συστήματος με καταστροφικές (συστηματικές) ή σοβαρές συνυπάρχουσες παθήσεις – επιπλοκές;1875;9
Ν26Χ;Νεόπλασμα νευρικού συστήματος χωρίς καταστροφικές (συστηματικές) ή σοβαρές συνυπάρχουσες παθήσεις – επιπλοκές;792;4
Ν27Μα;Εκφυλιστικά νοσήματα-διαταραχές νευρικού συστήματος με καταστροφικές (συστηματικές) ή σοβαρές συνυπάρχουσες παθήσεις – επιπλοκές ;2299;13
Ν27Μβ;Εκφυλιστικά νοσήματα-διαταραχές νευρικού συστήματος με μέτριας βαρύτητας συνυπάρχουσες παθήσεις – επιπλοκές ;1188;8
Ν27Χ;Εκφυλιστικά νοσήματα-διαταραχές νευρικού συστήματος χωρίς  συνυπάρχουσες παθήσεις – επιπλοκές ;439;3
Ν28Μ;Πολλαπλή σκλήρυνση και παρεγκεφαλιδική αταξία με συνυπάρχουσες παθήσεις - επιπλοκές;1733;9
Ν28Χ;Πολλαπλή σκλήρυνση και παρεγκεφαλιδική αταξία χωρίς συνυπάρχουσες παθήσεις - επιπλοκές;513;2
Ν29Μ;Παροδικό ισχαιμικό εγκεφαλικό επεισόδιο και  απόφραξη προεγκεφαλικών αγγείων με καταστροφικές (συστηματικές) ή σοβαρές συνυπάρχουσες παθήσεις – επιπλοκές;1118;6
Ν29Χ;Παροδικό ισχαιμικό εγκεφαλικό επεισόδιο και  απόφραξη προεγκεφαλικών αγγείων χωρίς καταστροφικές (συστηματικές) ή σοβαρές συνυπάρχουσες παθήσεις – επιπλοκές;495;3
Ν30Α;Αγγειακό εγκεφαλικό επεισόδιο και άλλες διαταραχές των εγκεφαλικών αγγείων, ασθενούς που κατέληξε ή διακομίσθηκε σε άλλο νοσοκομείο σε <5 ημέρες;380;2
Ν30Μα;Αγγειακό εγκεφαλικό επεισόδιο και άλλες διαταραχές των εγκεφαλικών αγγείων με καταστροφικές (συστηματικές) συνυπάρχουσες παθήσεις - επιπλοκές;2475;17
Ν30Μβ;Αγγειακό εγκεφαλικό επεισόδιο και άλλες διαταραχές των εγκεφαλικών αγγείων με σοβαρές συνυπάρχουσες παθήσεις - επιπλοκές;1625;9
Ν30Χ;Αγγειακό εγκεφαλικό επεισόδιο και άλλες διαταραχές των εγκεφαλικών αγγείων χωρίς καταστροφικές (συστηματικές) ή σοβαρές συνυπάρχουσες παθήσεις - επιπλοκές;900;6
Ν31Μ;Διαταραχές εγκεφαλικών συζυγιών και περιφερικών νεύρων με συνυπάρχουσες παθήσεις - επιπλοκές;1372;7
Ν31Χ;Διαταραχές εγκεφαλικών συζυγιών και περιφερικών νεύρων χωρίς συνυπάρχουσες παθήσεις - επιπλοκές;250;2
Ν32Μ;Λοίμωξη νευρικού συστήματος εκτός από ιογενή μηνιγγίτιδα με καταστροφικές (συστηματικές) ή σοβαρές συνυπάρχουσες παθήσεις – επιπλοκές;2000;14
Ν32Χ;Λοίμωξη νευρικού συστήματος εκτός από ιογενή μηνιγγίτιδα χωρίς καταστροφικές (συστηματικές) ή σοβαρές συνυπάρχουσες παθήσεις – επιπλοκές;1075;5
Ν33Α;Ιογενής μηνιγγίτιδα;672;3
Ν34Μ;Μη τραυματικής αιτιολογίας εμβροντησία (λήθαργος) και κώμα, με συνυπάρχουσες παθήσεις – επιπλοκές;920;5
Ν34Χ;Μη τραυματικής αιτιολογίας εμβροντησία (λήθαργος) και κώμα, χωρίς συνυπάρχουσες παθήσεις – επιπλοκές;340;2
Ν35Α;Πυρετικοί σπασμοί;318;2
Ν36Μ;Επιληπτικοί σπασμοί με καταστροφικές (συστηματικές) ή σοβαρές συνυπάρχουσες παθήσεις - επιπλοκές;1351;6
Ν36Χ;Επιληπτικοί σπασμοί χωρίς καταστροφικές (συστηματικές) ή σοβαρές συνυπάρχουσες παθήσεις - επιπλοκές;400;2
Ν37Α;Κεφαλαλγία;200;2
Ν38Μ;Ενδοκρανιακή (κρανιοεγκεφαλική) κάκωση με καταστροφικές (συστηματικές) ή σοβαρές συνυπάρχουσες παθήσεις – επιπλοκές;2115;10
Ν38Χ;Ενδοκρανιακή (κρανιοεγκεφαλική)  κάκωση χωρίς καταστροφικές (συστηματικές) ή σοβαρές συνυπάρχουσες παθήσεις – επιπλοκές;799;4
Ν39Μ;Κατάγματα κρανίου με καταστροφικές (συστηματικές) ή σοβαρές συνυπάρχουσες παθήσεις – επιπλοκές;1203;7
Ν39Χ;Κατάγματα κρανίου χωρίς καταστροφικές (συστηματικές) ή σοβαρές συνυπάρχουσες παθήσεις – επιπλοκές;600;5
Ν40Α;Άλλες κακώσεις κεφαλής;200;1
Ν41Μ;Άλλες διαταραχές του νευρικού συστήματος με καταστροφικές (συστηματικές) ή σοβαρές συνυπάρχουσες παθήσεις – επιπλοκές;1670;10
Ν41Χ;Άλλες διαταραχές του νευρικού συστήματος χωρίς καταστροφικές (συστηματικές) ή σοβαρές συνυπάρχουσες παθήσεις – επιπλοκές;600;3
Ν42Μα;Χρόνια και μη καθορισμένη παραπληγία/ τετραπληγία με ή χωρίς χειρουργικές  επεμβάσεις με  καταστροφικές (συστηματικές) συνυπάρχουσες παθήσεις – επιπλοκές;5277;23
Ν42Μβ;Χρόνια και μη καθορισμένη παραπληγία/ τετραπληγία με ή χωρίς χειρουργικές επεμβάσεις με  σοβαρές συνυπάρχουσες παθήσεις – επιπλοκές;1960;11
Ν42Χ;Χρόνια και μη καθορισμένη παραπληγία/ τετραπληγία με ή χωρίς χειρουργικές επεμβάσεις χωρίς καταστροφικές (συστηματικές) ή σοβαρές συνυπάρχουσες παθήσεις – επιπλοκές;1288;6
Ξ01Α;Σπληνεκτομή;3199;14
Ξ02Μ;Άλλη χειρουργική επέμβαση αίματος και αιμοποιητικών οργάνων με καταστροφικές (συστηματικές) ή σοβαρές συνυπάρχουσες παθήσεις - επιπλοκές;4413;30
Ξ02Χ;Άλλη χειρουργική επέμβαση αίματος και αιμοποιητικών οργάνων χωρίς καταστροφικές (συστηματικές) ή σοβαρές συνυπάρχουσες παθήσεις - επιπλοκές;781;15
Ξ20Μ;Διαταραχές του δικτυοενδοθηλιακού και ανοσοποιητικού με καταστροφικές (συστηματικές) ή σοβαρές συνυπάρχουσες παθήσεις - επιπλοκές;1945;30
Ξ20Χα;Διαταραχές του δικτυοενδοθηλιακού και ανοσοποιητικού χωρίς καταστροφικές (συστηματικές) ή σοβαρές συνυπάρχουσες παθήσεις - επιπλοκές με κακοήθεια;786;15
Ξ20Χβ;Διαταραχές του δικτυοενδοθηλιακού και ανοσοποιητικού χωρίς καταστροφικές (συστηματικές) ή σοβαρές συνυπάρχουσες παθήσεις - επιπλοκές χωρίς κακοήθεια;257;5
Ξ21Μ;Διαταραχές  ερυθροκυττάρων με καταστροφικές (συστηματικές) ή σοβαρές συνυπάρχουσες παθήσεις - επιπλοκές ;975;20
Ξ21Χ;Διαταραχές ερυθροκυττάρων χωρίς καταστροφικές (συστηματικές) ή σοβαρές συνυπάρχουσες παθήσεις - επιπλοκές ;297;3
Ξ22Α;Διαταραχές πήξης του αίματος;514;3
Ο01Α;Επεμβάσεις για διατιτραίνον τραύμα οφθαλμού;1269;3
Ο02Α;Εξόρυξη  οφθαλμού και επεμβάσεις οφθαλμικού κόγχου;1464;3
Ο03Α;Επεμβάσεις αμφιβληστροειδούς;731;1
Ο04Α;Μείζονες επεμβάσεις κερατοειδούς, σκληρού και επιπεφυκότα;1238;3
Ο05Α;Ασκορινοστομία;700;1
Ο10Α;Επεμβάσεις Στραβισμού;450;1
Ο11Α;Επεμβάσεις βλεφάρων;450;1
Ο12Α;Άλλες επεμβάσεις κερατοειδούς, σκληρού και επιπεφυκότα;530;1
Ο13Α;Επεμβάσεις δακρυϊκής συσκευής;305;1
Ο14Α;Άλλες επεμβάσεις οφθαλμού;369;2
Ο15Α;Επεμβάσεις γλαυκώματος και σύνθετες επεμβάσεις καταρράκτη  ;933;2
Ο15Β;Επεμβάσεις γλαυκώματος και σύνθετες επεμβάσεις καταρράκτη, ημερήσια νοσηλεία ;531;1
Ο16Α;Επεμβάσεις φακού (από καταρράκτη ή άλλη αιτία);466;1
Ο17Α;Μεταμοσχεύσεις Κερατοειδούς;2203;10
Ο20Μ;Οξείες και μείζονες οφθαλμικές λοιμώξεις με συνυπάρχουσες παθήσεις- επιπλοκές;1691;8
Ο20Χ;Οξείες και μείζονες οφθαλμικές λοιμώξεις χωρίς συνυπάρχουσες παθήσεις- επιπλοκές;941;4
Ο21Μ;Νευρολογικές και αγγειακές διαταραχές του οφθαλμού με συνυπάρχουσες παθήσεις- επιπλοκές;849;5
Ο22Α;Ύφαιμα και συντηρητική (μη χειρουργική) διαχείριση τραύματος οφθαλμού;297;2
Ο23Α;Άλλες διαταραχές οφθαλμού;280;2
Ο61Χ;Νευρολογικές και αγγειακές διαταραχές του οφθαλμού χωρίς συνυπάρχουσες παθήσεις- επιπλοκές;439;2
Π01Μ;Εκτομή ορθού με καταστροφικές (συστηματικές)  συνυπάρχουσες παθήσεις - επιπλοκές;4192;15
Π01Χ;Εκτομή ορθού χωρίς καταστροφικές (συστηματικές)  συνυπάρχουσες παθήσεις - επιπλοκές;3506;9
Π02Μ;Μείζονες επεμβάσεις λεπτού και παχέος εντέρου με καταστροφικές (συστηματικές)  συνυπάρχουσες παθήσεις - επιπλοκές;5218;15
Π02Χ;Μείζονες επεμβάσεις λεπτού και παχέος εντέρου χωρίς καταστροφικές (συστηματικές)  συνυπάρχουσες παθήσεις - επιπλοκές;2519;8
Π03Μ;Επεμβάσεις στομάχου, οισοφάγου και δωδεκαδακτύλου με κακοήθεια ή με καταστροφικές (συστηματικές)  συνυπάρχουσες παθήσεις - επιπλοκές ;6280;15
Π03Χα;Επεμβάσεις στομάχου, οισοφάγου και δωδεκαδάκτυλου χωρίς κακοήθεια με σοβαρές ή μέτριας βαρύτητας  συνυπάρχουσες παθήσεις - επιπλοκές;2569;8
Π03Χβ;Επεμβάσεις στομάχου, οισοφάγου και δωδεκαδάκτυλου χωρίς κακοήθεια χωρίς συνυπάρχουσες παθήσεις - επιπλοκές;1649;4
Π04Μα;Λύση περιτοναϊκών συμφύσεων με καταστροφικές (συστηματικές)  συνυπάρχουσες παθήσεις - επιπλοκές ;3028;15
Π04Μβ;Λύση περιτοναϊκών συμφύσεων με σοβαρές ή μέτριας βαρύτητας  συνυπάρχουσες παθήσεις - επιπλοκές;2464;9
Π04Χ;Λύση περιτοναϊκών συμφύσεων χωρίς συνυπάρχουσες παθήσεις - επιπλοκές;1434;4
Π05Μα;Ελάσσονες επεμβάσεις λεπτού και παχέος εντέρου με καταστροφικές (συστηματικές) συνυπάρχουσες παθήσεις - επιπλοκές;3027;10
Π05Μβ;Ελάσσονες επεμβάσεις λεπτού και παχέος εντέρου με  σοβαρές ή μέτριας βαρύτητας συνυπάρχουσες παθήσεις - επιπλοκές;1896;7
Π05Χ;Ελάσσονες επεμβάσεις λεπτού και παχέος εντέρου χωρίς  συνυπάρχουσες παθήσεις - επιπλοκές;1306;4
Π06Α;Επέμβαση πυλωρομυοτομής;1007;3
Π07Μ;Σκωληκοειδεκτομή με κακοήθεια ή περιτονίτιδα ή με καταστροφικές (συστηματικές) ή σοβαρές  συνυπάρχουσες παθήσεις - επιπλοκές;1409;5
Π07Χ;Σκωληκοειδεκτομή χωρίς κακοήθεια ή περιτονίτιδα χωρίς καταστροφικές (συστηματικές) ή σοβαρές  συνυπάρχουσες παθήσεις - επιπλοκές;764;2
Π10Μ;Επεμβάσεις κήλης (βουβωνοκήλης, ομφαλοκήλης κτλ) με  συνυπάρχουσες παθήσεις - επιπλοκές;1697;4
Π10Χ;Επεμβάσεις κήλης (βουβωνοκήλης, ομφαλοκήλης κτλ) χωρίς  συνυπάρχουσες παθήσεις - επιπλοκές;868;2
Π11Α;Επεμβάσεις πρωκτικής χώρας και κολοστομίες;514;4
Π12Μα;Άλλες χειρουργικές επεμβάσεις πεπτικού συστήματος  με καταστροφικές (συστηματικές)  συνυπάρχουσες παθήσεις - επιπλοκές;3797;16
Π12Μβ;Άλλες χειρουργικές επεμβάσεις πεπτικού συστήματος  με σοβαρές ή μέτριας βαρύτητας  συνυπάρχουσες παθήσεις - επιπλοκές;1757;7
Π12Χ;Άλλες χειρουργικές επεμβάσεις πεπτικού συστήματος  χωρίς  συνυπάρχουσες παθήσεις - επιπλοκές;879;3
Π26Α;Σύνθετη ενδοσκόπηση ανώτερου πεπτικού, ημερήσια νοσηλεία ;180;1
Π26Μ;Σύνθετη ενδοσκόπηση ανώτερου πεπτικού σε καταστροφικές (συστηματικές)  συνυπάρχουσες παθήσεις - επιπλοκές;2000;12
Π26Χ;Σύνθετη ενδοσκόπηση ανώτερου πεπτικού  σε παθήσεις χωρίς καταστροφικές (συστηματικές)  συνέπειες - επιπλοκές;378;5
Π27Α;Άλλες ενδοσκοπήσεις ανώτερου πεπτικού, ημερήσια νοσηλεία;180;1
Π27Μ;Άλλες ενδοσκοπήσεις ανώτερου πεπτικού  σε καταστροφικές (συστηματικές)  συνυπάρχουσες παθήσεις - επιπλοκές;2000;12
Π27Χ;Άλλες ενδοσκοπήσεις ανώτερου πεπτικού σε παθήσεις χωρίς καταστροφικές (συστηματικές)  συνέπειες - επιπλοκές;378;5
Π28Α;Ενδοσκόπηση κατώτερου πεπτικού, ημερήσια νοσηλεία ;150;1
Π28Μ;Ενδοσκόπηση κατώτερου πεπτικού σε καταστροφικές (συστηματικές) ή σοβαρές  συνυπάρχουσες παθήσεις - επιπλοκές ;1100;10
Π28Χ;Ενδοσκόπηση κατώτερου πεπτικού σε παθήσεις χωρίς καταστροφικές (συστηματικές) συνέπειες - επιπλοκές ;600;3
Π40Μ;Κακοήθεια του πεπτικού με καταστροφικές (συστηματικές)  συνυπάρχουσες παθήσεις - επιπλοκές;1100;10
Π40Χ;Κακοήθεια του πεπτικού χωρίς καταστροφικές (συστηματικές)  συνυπάρχουσες παθήσεις - επιπλοκές;600;3
Π41Μ;Αιμορραγία γαστρεντερικού με καταστροφικές (συστηματικές) ή σοβαρές  συνυπάρχουσες παθήσεις - επιπλοκές ;934;5
Π41Χ;Αιμορραγία γαστρεντερικού χωρίς καταστροφικές (συστηματικές) ή σοβαρές  συνυπάρχουσες παθήσεις - επιπλοκές ;375;2
Π42Α;Επιπλεγμένο πεπτικό έλκος ;997;5
Π43Α;Μη επιπλεγμένο πεπτικό έλκος;304;2
Π44Μ;Φλεγμονώδης νόσος του εντέρου με  συνυπάρχουσες παθήσεις - επιπλοκές ;997;5
Π44Χ;Φλεγμονώδης νόσος του εντέρου χωρίς  συνυπάρχουσες παθήσεις - επιπλοκές ;563;2
Π45Μ;Απόφραξη γαστρεντερικού σωλήνα με καταστροφικές (συστηματικές) ή σοβαρές  συνυπάρχουσες παθήσεις - επιπλοκές ;1217;7
Π45Χ;Απόφραξη γαστρεντερικού σωλήνα χωρίς καταστροφικές (συστηματικές) ή σοβαρές  συνυπάρχουσες παθήσεις - επιπλοκές ;569;3
Π46Α;Κοιλιακός πόνος ή μεσεντέριος αδενίτιδα;327;2
Π47Μ;Οισοφαγίτιδα και γαστρεντερίτιδα με καταστροφικές (συστηματικές) ή σοβαρές  συνυπάρχουσες παθήσεις - επιπλοκές ;933;5
Π47Χ;Οισοφαγίτιδα και γαστρεντερίτιδα χωρίς καταστροφικές (συστηματικές) ή σοβαρές  συνυπάρχουσες παθήσεις - επιπλοκές ;335;2
Π50Μ;Άλλες παθήσεις του πεπτικού συστήματος με καταστροφικές (συστηματικές) ή σοβαρές  συνυπάρχουσες παθήσεις - επιπλοκές ;1033;6
Π50Χ;Άλλες παθήσεις του πεπτικού συστήματος χωρίς καταστροφικές (συστηματικές) ή σοβαρές  συνυπάρχουσες παθήσεις - επιπλοκές ;323;2
Ρ01Α;Νόσος από τον ιό της ανοσολογικής ανεπάρκειας του ανθρώπου (HIV), ημερήσια νοσηλεία;289;1
Ρ05Μα;Ασθένειες σχετιζόμενες με τον HIV με καταστροφικές (συστηματικές)  συνυπάρχουσες παθήσεις - επιπλοκές;7644;20
Ρ05Μβ;Ασθένειες σχετιζόμενες με τον HIV με σοβαρές συνυπάρχουσες παθήσεις - επιπλοκές;3050;9
Ρ05Χ;Ασθένειες σχετιζόμενες με τον HIV χωρίς καταστροφικές (συστηματικές) ή σοβαρές  συνυπάρχουσες παθήσεις - επιπλοκές;2140;6
Ρ10Μα;Χειρουργικές επεμβάσεις για λοιμώδη και παρασιτικά νοσήματα με καταστροφικές (συστηματικές) συνυπάρχουσες παθήσεις - επιπλοκές;6993;24
Ρ10Μβ;Χειρουργικές επεμβάσεις για λοιμώδη και παρασιτικά νοσήματα με σοβαρές ή μέτριας βαρύτητας συνυπάρχουσες παθήσεις - επιπλοκές;2688;12
Ρ10Χ;Χειρουργικές επεμβάσεις για λοιμώδη και παρασιτικά νοσήματα χωρίς συνυπάρχουσες παθήσεις - επιπλοκές;1473;7
Ρ20Α;Λοιμώδη και παρασιτικά νοσήματα  με μηχανική υποστήριξη αναπνοής;5281;11
Ρ20Μ;Σηψαιμία με καταστροφικές (συστηματικές) συνυπάρχουσες παθήσεις - επιπλοκές;2316;11
Ρ20Χ;Σηψαιμία χωρίς καταστροφικές (συστηματικές) συνυπάρχουσες παθήσεις - επιπλοκές;992;6
Ρ21Μ;Μετεγχειρητικές και μετατραυματικές λοιμώξεις με καταστροφικές (συστηματικές) ή σοβαρές συνυπάρχουσες παθήσεις - επιπλοκές;1556;8
Ρ21Χ;Μετεγχειρητικές και μετατραυματικές λοιμώξεις χωρίς καταστροφικές (συστηματικές) ή σοβαρές συνυπάρχουσες παθήσεις - επιπλοκές;778;4
Ρ22Μ;Εμπύρετο αγνώστου προέλευσης με  συνυπάρχουσες παθήσεις – επιπλοκές;1105;5
Ρ22Χ;Εμπύρετο αγνώστου προέλευσης χωρίς συνυπάρχουσες παθήσεις – επιπλοκές;444;2
Ρ23Α;Ιογενείς λοιμώξεις;428;2
Ρ24Μα;Άλλα λοιμώδη και παρασιτικά νοσήματα με  καταστροφικές (συστηματικές) συνυπάρχουσες παθήσεις – επιπλοκές;3773;14
Ρ24Μβ;Άλλα λοιμώδη και παρασιτικά νοσήματα με σοβαρές ή μέτριας βαρύτητας συνυπάρχουσες παθήσεις – επιπλοκές;1401;6
Ρ24Χ;Άλλα λοιμώδη και παρασιτικά νοσήματα  χωρίς συνυπάρχουσες παθήσεις – επιπλοκές;623;3
Σ01Μ;Λέμφωμα και λευχαιμία με μείζονες χειρουργικές επεμβάσεις με καταστροφικές (συστηματικές) ή σοβαρές συνυπάρχουσες παθήσεις - επιπλοκές;8000;23
Σ01Χ;Λέμφωμα και λευχαιμία με μείζονες χειρουργικές επεμβάσεις χωρίς καταστροφικές (συστηματικές) ή σοβαρές συνυπάρχουσες παθήσεις - επιπλοκές;2194;6
Σ02Μα;Άλλες νεοπλασματικές διαταραχές με μείζονες χειρουργικές επεμβάσεις με καταστροφικές (συστηματικές) συνυπάρχουσες παθήσεις - επιπλοκές;4000;18
Σ02Μβ;Άλλες νεοπλασματικές διαταραχές με μείζονες χειρουργικές επεμβάσεις με σοβαρές ή μέτριας βαρύτητας συνυπάρχουσες παθήσεις - επιπλοκές;2998;8
Σ02Χ;Άλλες νεοπλασματικές διαταραχές με μείζονες χειρουργικές επεμβάσεις χωρίς συνυπάρχουσες παθήσεις - επιπλοκές;1953;5
Σ03Μ;Λέμφωμα και λευχαιμία με άλλες χειρουργικές επεμβάσεις με καταστροφικές (συστηματικές) ή σοβαρές συνυπάρχουσες παθήσεις - επιπλοκές;5760;20
Σ03Χ;Λέμφωμα και λευχαιμία με άλλες χειρουργικές επεμβάσεις χωρίς καταστροφικές (συστηματικές) ή σοβαρές συνυπάρχουσες παθήσεις - επιπλοκές;1085;3
Σ04Μ;Άλλες νεοπλασματικές διαταραχές με άλλες χειρουργικές επεμβάσεις με συνυπάρχουσες παθήσεις - επιπλοκές;1694;7
Σ04Χ;Άλλες νεοπλασματικές διαταραχές με άλλες χειρουργικές επεμβάσεις χωρίς συνυπάρχουσες παθήσεις - επιπλοκές;966;2
Σ20Μ;Οξεία λευχαιμία με καταστροφικές (συστηματικές) συνυπάρχουσες παθήσεις - επιπλοκές;5707;17
Σ20Χ;Οξεία λευχαιμία χωρίς καταστροφικές (συστηματικές) συνυπάρχουσες παθήσεις - επιπλοκές;690;3
Σ21Α;Λέμφωμα και μη-οξεία λευχαιμία, ημερήσια νοσηλεία;200;1
Σ21Μ;Λέμφωμα και μη-οξεία λευχαιμία με καταστροφικές (συστηματικές) συνυπάρχουσες παθήσεις - επιπλοκές;3100;14
Σ21Χ;Λέμφωμα και μη-οξεία λευχαιμία χωρίς καταστροφικές (συστηματικές) συνυπάρχουσες παθήσεις - επιπλοκές;1410;5
Σ22Μ;Άλλες νεοπλασματικές διαταραχές με συνυπάρχουσες παθήσεις - επιπλοκές;970;6
Σ22Χ;Άλλες νεοπλασματικές διαταραχές χωρίς συνυπάρχουσες παθήσεις - επιπλοκές;638;2
Τ01Α;Νεογνό, που κατέληξε ή διακομίστηκε σε <5 ημέρες από την εισαγωγή με σημαντικές χειρουργικές επεμβάσεις;1037;2
Τ02Α;Καρδιοθωρακικές/αγγειοχειρουργικές επεμβάσεις σε νεογνά;17418;23
Τ03Α;Σημαντική χειρουργική επέμβαση σε νεογνό με βάρος εισαγωγής 1000-1499 gr;13801;55
Τ04Α;Σημαντική χειρουργική επέμβαση σε νεογνό με βάρος εισαγωγής 1500-1999 gr;9927;40
Τ05Α;Σημαντική χειρουργική επέμβαση σε νεογνό με βάρος εισαγωγής 2000-2499 gr;9565;35
Τ06Μ;Σημαντική χειρουργική επέμβαση σε νεογνό με βάρος εισαγωγής >2499  gr με πολλαπλά μείζονα προβλήματα;12981;30
Τ06Χ;Σημαντική χειρουργική επέμβαση σε νεογνό με βάρος εισαγωγής >2499  gr χωρίς πολλαπλά μείζονα προβλήματα;4582;20
Τ20Χα;Νεογνό που κατέληξε ή διακομίστηκε σε <5 ημέρες από την εισαγωγή, χωρίς σημαντική χειρουργική επέμβαση, νεογέννητο;244;2
Τ20Χβ;Νεογνό που κατέληξε ή διακομίστηκε σε <5 ημέρες από την εισαγωγή, χωρίς σημαντική χειρουργική επέμβαση, όχι νεογέννητο;512;2
Τ21Α;Νεογνό με βάρος εισαγωγής <750 gr;31460;85
Τ22Α;Νεογνό με βάρος εισαγωγής 750-999 gr;23575;75
Τ23Α;Νεογνό με βάρος εισαγωγής 1000-1249 gr χωρίς σημαντική χειρουργική επέμβαση;6390;35
Τ24Α;Νεογνό με βάρος εισαγωγής 1250-1499 gr χωρίς σημαντική  χειρουργική επέμβαση;5818;30
Τ25Μα;Νεογνό με βάρος εισαγωγής 1500-1999 gr χωρίς σημαντική  χειρουργική επέμβαση με πολλαπλά μείζονα προβλήματα;5651;28
Τ25Μβ;Νεογνό με βάρος εισαγωγής 1500-1999 gr χωρίς σημαντική χειρουργική επέμβαση με μείζον πρόβλημα;4145;26
Τ25Μγ;Νεογνό με βάρος εισαγωγής 1500-1999 gr χωρίς σημαντική χειρουργική επέμβαση με άλλο πρόβλημα;3158;24
Τ25Χ;Νεογνό με βάρος εισαγωγής 1500-1999 gr χωρίς σημαντική  χειρουργική επέμβαση χωρίς πρόβλημα;2646;20
Τ26Μα;Νεογνό με βάρος εισαγωγής 2000-2499 gr χωρίς σημαντική χειρουργική επέμβαση με πολλαπλά μείζονα προβλήματα;3719;28
Τ26Μβ;Νεογνό με βάρος εισαγωγής 2000-2499 gr χωρίς σημαντική χειρουργική επέμβαση με μείζον πρόβλημα;2346;12
Τ26Μγ;Νεογνό με βάρος εισαγωγής 2000-2499 gr χωρίς σημαντική χειρουργική επέμβαση με άλλο πρόβλημα;1644;11
Τ26Χ;Νεογνό με βάρος εισαγωγής 2000-2499 gr χωρίς σημαντική χειρουργική επέμβαση χωρίς πρόβλημα;716;5
Τ27Μα;Νεογνό με βάρος εισαγωγής >2499 gr χωρίς σημαντική χειρουργική επέμβαση με πολλαπλά μείζονα προβλήματα;3076;20
Τ27Μβ;Νεογνό με βάρος εισαγωγής >2499 gr χωρίς σημαντική χειρουργική επέμβαση με μείζον πρόβλημα;1294;15
Τ27Μγ;Νεογνό με βάρος εισαγωγής >2499 gr χωρίς σημαντική χειρουργική επέμβαση με άλλο πρόβλημα;918;7
Τ27Χ;Νεογνό με βάρος εισαγωγής >2499 gr χωρίς σημαντική χειρουργική επέμβαση χωρίς πρόβλημα;428;3
Υ02Μ;Επεμβατική εισαγωγή καθετήρα περιτοναϊκής κάθαρσης με καταστροφικές (συστηματικές) ή σοβαρές συνυπάρχουσες παθήσεις – επιπλοκές;2500;10
Υ02Χ;Επεμβατική εισαγωγή καθετήρα περιτοναϊκής κάθαρσης χωρίς καταστροφικές (συστηματικές) ή σοβαρές συνυπάρχουσες παθήσεις – επιπλοκές;850;2
Υ03Μα;Επεμβάσεις νεφρού, ουρητήρα και μείζονες επεμβάσεις ουροδόχου κύστης για νεοπλασία με καταστροφικές (συστηματικές) συνυπάρχουσες παθήσεις – επιπλοκές;5000;13
Υ03Μβ;Επεμβάσεις νεφρού, ουρητήρα και μείζονες επεμβάσεις ουροδόχου κύστης για νεοπλασία με σοβαρές συνυπάρχουσες παθήσεις – επιπλοκές;4011;9
Υ03Χ;Επεμβάσεις νεφρού, ουρητήρα και μείζονες επεμβάσεις ουροδόχου κύστης για νεοπλασία χωρίς καταστροφικές (συστηματικές) ή σοβαρές συνυπάρχουσες παθήσεις – επιπλοκές;2709;5
Υ04Μα;Επεμβάσεις νεφρού, ουρητήρα και μείζονες επεμβάσεις ουροδόχου κύστης για μη-νεοπλασματικές παθήσεις με καταστροφικές (συστηματικές) συνυπάρχουσες παθήσεις – επιπλοκές;4355;13
Υ04Μβ;Επεμβάσεις νεφρού, ουρητήρα και μείζονες επεμβάσεις ουροδόχου κύστης για μη-νεοπλασματικές παθήσεις με σοβαρές συνυπάρχουσες παθήσεις – επιπλοκές;2361;7
Υ04Χ;Επεμβάσεις νεφρού, ουρητήρα και μείζονες επεμβάσεις ουροδόχου κύστης για μη νεοπλασματικές παθήσεις  χωρίς καταστροφικές (συστηματικές) ή σοβαρές συνυπάρχουσες παθήσεις – επιπλοκές;1479;3
Υ05Μ;Διουρηθρική προστατεκτομή με καταστροφικές (συστηματικές) ή σοβαρές συνυπάρχουσες παθήσεις - επιπλοκές;2848;10
Υ05Χ;Διουρηθρική προστατεκτομή χωρίς καταστροφικές (συστηματικές) ή σοβαρές συνυπάρχουσες παθήσεις - επιπλοκές;1000;3
Υ06Μ;Ελάσσονες επεμβάσεις ουροδόχου κύστης με καταστροφικές (συστηματικές) ή σοβαρές συνυπάρχουσες παθήσεις – επιπλοκές;2381;9
Υ06Χ;Ελάσσονες επεμβάσεις ουροδόχου κύστης χωρίς  καταστροφικές (συστηματικές) ή σοβαρές συνυπάρχουσες παθήσεις – επιπλοκές;808;2
Υ07Μ;Διουρηθρικές επεμβάσεις εκτός της προστατεκτομής με συνυπάρχουσες παθήσεις - επιπλοκές;1107;5
Υ07Χ;Διουρηθρικές επεμβάσεις εκτός της προστατεκτομής χωρίς  συνυπάρχουσες παθήσεις - επιπλοκές;643;2
Υ08Μ;Επεμβάσεις ουρήθρας με  συνυπάρχουσες παθήσεις – επιπλοκές;1271;5
Υ08Χ;Επεμβάσεις ουρήθρας χωρίς συνυπάρχουσες παθήσεις – επιπλοκές;619;2
Υ09Μα;Άλλες επεμβάσεις για παθήσεις των νεφρών και της ουροποιητικής οδού με καταστροφικές (συστηματικές) συνυπάρχουσες παθήσεις - επιπλοκές;4729;17
Υ09Μβ;Άλλες επεμβάσεις για παθήσεις των νεφρών και της ουροποιητικής οδού με σοβαρές συνυπάρχουσες παθήσεις - επιπλοκές;1760;4
Υ09Χ;Άλλες επεμβάσεις για παθήσεις των νεφρών και της ουροποιητικής οδού χωρίς καταστροφικές (συστηματικές) ή σοβαρές συνυπάρχουσες παθήσεις - επιπλοκές;1035;2
Υ20Α;Ουρητηροσκόπηση;500;2
Υ20Μα;Νεφρική ανεπάρκεια με  καταστροφικές (συστηματικές) συνυπάρχουσες παθήσεις – επιπλοκές;2633;12
Υ20Μβ;Νεφρική ανεπάρκεια με  σοβαρές συνυπάρχουσες παθήσεις – επιπλοκές;1091;6
Υ20Χ;Νεφρική ανεπάρκεια χωρίς καταστροφικές (συστηματικές) ή σοβαρές συνυπάρχουσες παθήσεις – επιπλοκές;584;3
Υ21Α;Ουρηθροκυστεοσκόπηση, ημερήσια νοσηλεία;217;1
Υ22Α;Εξωσωματική λιθοτριψία με κρουστικό κύμα για λίθους στην ουροποιητική οδό ;482;1
Υ22Μ;Νεοπλάσματα των νεφρών και της ουροποιητικής οδού  με καταστροφικές (συστηματικές) ή σοβαρές συνυπάρχουσες παθήσεις - επιπλοκές;1373;7
Υ22Χ;Νεοπλάσματα των νεφρών και της ουροποιητικής οδού  χωρίς καταστροφικές (συστηματικές) ή σοβαρές συνυπάρχουσες παθήσεις - επιπλοκές;545;2
Υ23Μ;Λοιμώξεις των νεφρών και της ουροποιητικής οδού με καταστροφικές (συστηματικές) ή σοβαρές συνυπάρχουσες παθήσεις - επιπλοκές;1564;8
Υ23Χ;Λοιμώξεις των νεφρών και της ουροποιητικής οδού χωρίς καταστροφικές (συστηματικές) ή σοβαρές συνυπάρχουσες παθήσεις - επιπλοκές;560;3
Υ24Α;Λιθίαση ουροποιητικού και απόφραξη;389;2
Υ25Μ;Συμπτώματα και σημεία των νεφρών και της ουροποιητικής οδού με καταστροφικές (συστηματικές) ή σοβαρές συνυπάρχουσες παθήσεις - επιπλοκές;900;6
Υ25Χ;Συμπτώματα και σημεία των νεφρών και της ουροποιητικής οδού χωρίς καταστροφικές (συστηματικές) ή σοβαρές συνυπάρχουσες παθήσεις - επιπλοκές;350;2
Υ26Α;Στένωση της ουρήθρας;300;2
Υ27Μ;Άλλες παθήσεις των νεφρών και της ουροποιητικής οδού  με καταστροφικές (συστηματικές) ή σοβαρές συνυπάρχουσες παθήσεις - επιπλοκές;1521;7
Υ27Χ;Άλλες παθήσεις των νεφρών και της ουροποιητικής οδού  χωρίς καταστροφικές (συστηματικές) ή σοβαρές συνυπάρχουσες παθήσεις - επιπλοκές;358;2
Υ28Α;Περιτοναϊκή κάθαρση;249;1
Υ29Α;Αιμοκάθαρση;136;1
Υ30Α;Διαγνωστικές και θεραπευτικές πράξεις παθήσεων ουροποιητικόύ συστήματος - ημερίσια νοσηλεία;250;1
Φ01Α;Μηχανική υποστήριξη αναπνοής ή κρανιακές επεμβάσεις για πολλαπλά σημαντικά τραύματα;10481;21
Φ02Μ;Επεμβάσεις ισχίου, μηριαίου και άκρου για πολλαπλά σημαντικά τραύματα, συμπεριλαμβανομένης της εμφύτευσης, με καταστροφικές (συστηματικές) ή σοβαρές συνυπάρχουσες παθήσεις - επιπλοκές;8488;22
Φ02Χ;Επεμβάσεις ισχίου, μηριαίου και άκρου για πολλαπλά σημαντικά τραύματα, συμπεριλαμβανομένης της εμφύτευσης, χωρίς καταστροφικές (συστηματικές) ή σοβαρές συνυπάρχουσες παθήσεις - επιπλοκές;6792;15
Φ03Α;Επεμβάσεις κοιλιακής χώρας για πολλαπλά σημαντικά τραύματα;5386;13
Φ04Μ;Άλλες χειρουργικές επεμβάσεις για πολλαπλά σημαντικά τραύματα με  καταστροφικές (συστηματικές) ή σοβαρές συνυπάρχουσες παθήσεις - επιπλοκές;8343;22
Φ04Χ;Άλλες χειρουργικές επεμβάσεις για πολλαπλά σημαντικά τραύματα χωρίς καταστροφικές (συστηματικές) ή σοβαρές συνυπάρχουσες παθήσεις - επιπλοκές;4975;11
Φ10Α;Πολλαπλά τραύματα, ασθενής που κατέληξε ή διακομίστηκε σε άλλη μονάδα οξείας θεραπείας σε <5 ημέρες;1246;1
Φ11Μ;Πολλαπλά τραύματα χωρίς σημαντικές επεμβάσεις με  καταστροφικές (συστηματικές) ή σοβαρές συνυπάρχουσες παθήσεις – επιπλοκές;3657;15
Φ11Χ;Πολλαπλά τραύματα χωρίς σημαντικές επεμβάσεις και χωρίς  καταστροφικές (συστηματικές) ή σοβαρές συνυπάρχουσες παθήσεις – επιπλοκές;1883;7
Φ22Μ;Μεταφορά μικροαγγειακού ιστού ή (δερματικό μόσχευμα με καταστροφικές (συστηματικές) ή σοβαρές συνυπάρχουσες παθήσεις- επιπλοκές) για τραυματισμούς  άκρας χειρός;2227;5
Φ22Χ;Δερματικό μόσχευμα για τραυματισμούς της άκρας χειρός χωρίς καταστροφικές (συστηματικές) ή σοβαρές συνυπάρχουσες παθήσεις - επιπλοκές;756;2
Φ24Μ;Άλλες επεμβάσεις για τραυματισμούς κάτω άκρου με καταστροφικές (συστηματικές) ή σοβαρές συνυπάρχουσες παθήσεις - επιπλοκές;2785;11
Φ24Χ;Άλλες επεμβάσεις για τραυματισμούς κάτω άκρου χωρίς καταστροφικές (συστηματικές) ή σοβαρές συνυπάρχουσες παθήσεις - επιπλοκές;934;2
Φ25Μ;Άλλες επεμβάσεις για τραυματισμούς της άκρας χειρός με συνυπάρχουσες παθήσεις ή επιπλοκές;1256;4
Φ25Χ;Άλλες επεμβάσεις για τραυματισμούς της άκρας χειρός χωρίς συνυπάρχουσες παθήσεις ή επιπλοκές;651;1
Φ26Μ;Άλλες επεμβάσεις για άλλους τραυματισμούς με καταστροφικές (συστηματικές) ή σοβαρές συνυπάρχουσες παθήσεις - επιπλοκές ;1850;9
Φ26Χ;Άλλες επεμβάσεις για άλλους τραυματισμούς χωρίς καταστροφικές (συστηματικές) ή σοβαρές συνυπάρχουσες παθήσεις - επιπλοκές ;828;2
Φ27Μ;Δερματικό μόσχευμα για τραυματισμούς εξαιρουμένης της άκρας χειρός με μεταφορά μικροαγγειακού ιστού ή με (καταστροφικές (συστηματικές) ή σοβαρές συνυπάρχουσες παθήσεις - επιπλοκές);3631;17
Φ27Χ;Δερματικό μόσχευμα για τραυματισμούς εξαιρουμένης της άκρας χειρός χωρίς μεταφορά μικροαγγειακού ιστού χωρίς (καταστροφικές (συστηματικές) ή σοβαρές συνυπάρχουσες παθήσεις - επιπλοκές);1479;6
Φ40Α;Τραυματισμοί, δηλητηριάσεις και τοξικές επιδράσεις από φάρμακα με μηχανική υποστήριξη αναπνοής ;3288;7
Φ60Μ;Τραυματισμοί με  καταστροφικές (συστηματικές) ή σοβαρές συνυπάρχουσες παθήσεις – επιπλοκές;1144;7
Φ60Χ;Τραυματισμοί χωρίς  καταστροφικές (συστηματικές) ή σοβαρές συνυπάρχουσες παθήσεις – επιπλοκές;288;2
Φ61Α;Αλλεργικές αντιδράσεις;280;1
Φ62Μ;Δηλητηριάσεις/τοξικές επιδράσεις φαρμάκων και άλλων ουσιών με  καταστροφικές (συστηματικές) ή σοβαρές συνυπάρχουσες παθήσεις – επιπλοκές;1183;4
Φ62Χ;Δηλητηριάσεις/τοξικές επιδράσεις φαρμάκων και άλλων ουσιών χωρίς καταστροφικές (συστηματικές) ή σοβαρές συνυπάρχουσες παθήσεις – επιπλοκές;307;2
Φ63Μ;Δευτερογενείς επιπλοκές  θεραπείας με  καταστροφικές (συστηματικές) ή σοβαρές συνυπάρχουσες παθήσεις – επιπλοκές;1245;6
Φ63Χ;Δευτερογενείς επιπλοκές  θεραπείας χωρίς καταστροφικές (συστηματικές) ή σοβαρές συνυπάρχουσες παθήσεις – επιπλοκές;506;3
Φ64Μ;Άλλος τραυματισμός, δηλητηρίαση και τοξική επίδραση με καταστροφικές (συστηματικές) ή σοβαρές συνυπάρχουσες παθήσεις – επιπλοκές;1159;5
Φ64Χ;Άλλος τραυματισμός, δηλητηρίαση και τοξική επίδραση χωρίς καταστροφικές (συστηματικές) ή σοβαρές συνυπάρχουσες παθήσεις – επιπλοκές;303;1
Χ01Α;Ενδοσκόπηση για διαγνώσεις που σχετίζονται με άλλη χρήση υπηρεσιών υγείας, ημερήσια νοσηλεία ;225;1
Χ01Μ;Χειρουργικές επεμβάσεις για διαγνώσεις που σχετίζονται με άλλη χρήση υπηρεσιών υγείας με καταστροφικές (συστηματικές) ή σοβαρές  συνυπάρχουσες παθήσεις-επιπλοκές  ;1744;6
Χ01Χ;Χειρουργικές επεμβάσεις για διαγνώσεις που σχετίζονται με άλλη χρήση υπηρεσιών υγείας χωρίς καταστροφικές (συστηματικές) ή σοβαρές  συνυπάρχουσες παθήσεις-επιπλοκές  ;531;2
Χ20Α;Φυσική ιατρική αποκατάσταση, ημερήσια νοσηλεία ;700;1
Χ20Μ;Φυσική ιατρική αποκατάσταση, με  καταστροφικές (συστηματικές) συνυπάρχουσες παθήσεις – επιπλοκές;2716;20
Χ20Χ;Φυσική ιατρική αποκατάσταση, χωρίς  καταστροφικές (συστηματικές) συνυπάρχουσες παθήσεις – επιπλοκές;1759;19
Χ21Μ;Σημεία και συμπτώματα ;887;5
Χ21Χ;Σημεία και συμπτώματα, ημερήσια νοσηλεία ;200;1
Χ23Μ;Άλλο follow up μετά από χειρουργική επέμβαση και ιατρική φροντίδα, με καταστροφικές (συστηματικές) συνυπάρχουσες παθήσεις-επιπλοκές ;2039;14
Χ23Χ;Άλλο follow up μετά από χειρουργική επέμβαση και ιατρική φροντίδα, χωρίς καταστροφικές (συστηματικές) συνυπάρχουσες παθήσεις-επιπλοκές ;848;6
Χ24Μ;Άλλοι παράγοντες που επηρεάζουν την κατάσταση της υγείας ;770;4
Χ24Χ;Άλλοι παράγοντες που επηρεάζουν την κατάσταση της υγείας, ημερήσια νοσηλεία ;177;1
Χ25Α;Συγγενείς ανωμαλίες και προβλήματα που αναδύονται από τη νεογνική περίοδο ;1082;4
Ψ20Α;Θεραπεία ψυχικών διαταραχών με ηλεκτροσπασμοθεραπεία, ημερήσια νοσηλεία ;0;0
Ψ40Α;Θεραπεία ψυχικών διαταραχών χωρίς ηλεκτροσπασμοθεραπεία, ημερήσια νοσηλεία ;0;0
Ψ41Α;Σχιζοφρένεια;0;0
Ψ42Μ;Παράνοια και οξεία ψυχωσική διαταραχή με  καταστροφικές (συστηματικές) ή σοβαρές συνυπάρχουσες παθήσεις – επιπλοκές ή με νομικό καθεστώς ψυχικής υγείας ;0;0
Ψ42Χ;Παράνοια και οξεία ψυχωσική διαταραχή χωρίς  καταστροφικές (συστηματικές) ή σοβαρές συνυπάρχουσες παθήσεις – επιπλοκές χωρίς νομικό καθεστώς ψυχικής υγείας;0;0
Ψ43Α;Μείζονες συναισθηματικές διαταραχές ;0;0
Ψ44Α;Άλλες συναισθηματικές και σωματόμορφες διαταραχές;0;0
Ψ45Α;Αγχώδεις διαταραχές  ;0;0
Ψ46Α;Διαταραχές στη λήψη τροφής και ιδεοψυχαναγκαστική διαταραχή ;0;0
Ψ47Α;Διαταραχές προσωπικότητας και οξείες αντιδράσεις;0;0
Ψ48Α;Ψυχικές διαταραχές παιδικής ηλικίας;0;0
Ω01Α;Κοχλιακό εμφύτευμα;24000;2
Ω02Μα;Επεμβάσεις κεφαλής και τραχήλου με καταστροφικές (συστηματικές) ή σοβαρές συνυπάρχουσες παθήσεις-επιπλοκές;4927;11
Ω02Μβ;Επεμβάσεις κεφαλής και τραχήλου με κακοήθεια ή μέτριας βαρύτητας  συνυπάρχουσες παθήσεις-επιπλοκές;2336;7
Ω02Χ;Επεμβάσεις κεφαλής τραχήλου χωρίς κακοήθεια χωρίς συνυπάρχουσες παθήσεις-επιπλοκές;1391;2
Ω03Α;Χειρουργική αποκατάσταση χειλεοσχιστίας ή υπερωϊοσχιστίας (λαγώχειλου ή λυκοστόματος);1165;4
Ω04Μ;Γναθοχειρουργική με συνυπάρχουσες παθήσεις-επιπλοκές ;2227;7
Ω04Χ;Γναθοχειρουργική χωρίς συνυπάρχουσες παθήσεις-επιπλοκές ;1383;2
Ω05Α;Επεμβάσεις παρωτίδας;1648;3
Ω06Α;Επεμβάσεις παραρρινίων κόλπων και σύνθετες επεμβάσεις μέσου ωτός ;800;3
Ω10Α;Επεμβάσεις ρινικές ;600;2
Ω11Α;Αμυγδαλεκτομή και/ή αδενοειδεκτομή;478;2
Ω12Α;Άλλες ΩΡΛ επεμβάσεις και επεμβάσεις στοματικής κοιλότητας;650;2
Ω13Α;Μυριγγοτομή με εισαγωγή σωληνίσκου αερισμού;150;1
Ω14Α;Επεμβάσεις στόματος και σιαλογόνων αδένων;673;3
Ω15Α;Επεμβάσεις μαστοειδούς;1817;3
Ω20Α;Εξαγωγές και αποκαταστάσεις οδόντων ;350;1
Ω30Μ;Κακοήθεια ωτός, ρινός, στόματος, φάρυγγος και λάρυγγος με καταστροφικές (συστηματικές) ή σοβαρές συνυπάρχουσες παθήσεις-επιπλοκές;2080;9
Ω30Χ;Κακοήθεια ωτός, ρινός, στόματος, φάρυγγος και λάρυγγος χωρίς καταστροφικές (συστηματικές) ή σοβαρές συνυπάρχουσες παθήσεις-επιπλοκές;496;2
Ω31Α;Αστάθεια - διαταραχές ισορροπίας ;403;4
Ω32Α;Επίσταξη ( Με απολίνωση αρτηριών);325;2
Ω33Α;Μέση ωτίτιδα και λοίμωξη του ανώτερου αναπνευστικού;361;2
Ω34Α;Λαρυγγοτραχειΐτιδα - επιγλωττίτιδα - τραχειοβροχίτιδα;262;3
Ω35Α;Ρινικό τραύμα και παραμόρφωση;241;1
Ω36Μ;Άλλες ΩΡΛ παθήσεις και παθήσεις στοματικής κοιλότητας με συνυπάρχουσες παθήσεις-επιπλοκές;650;4
Ω36Χ;Άλλες ΩΡΛ παθήσεις και παθήσεις στοματικής κοιλότητας χωρίς συνυπάρχουσες παθήσεις-επιπλοκές;150;3
Ω37Α;Στοματικές και οδοντικές διαταραχές εκτός από εξαγωγές και αποκαταστάσεις;150;1
Ω37Β;Στοματικές και οδοντικές διαταραχές εκτός από εξαγωγές και αποκαταστάσεις, ημερήσια νοσηλεία;150;1
